DICDNet Image Quality Evaluation by Metal Size
Date: 2025-05-12 13:01:05
Results Directory: /home/mcosta/PycharmProjects/DICDNet/DICDNet/save_results
Model Evaluated: DICDNet
Total GT files found: 2000
Total files processed and metrics collected: 2000

--- Metrics by Metal Size Group (mean ± std) ---
Group Label                   Count           PSNR(img)             SSIM(img)            PSNR(hu)              SSIM(hu)
-----------------------------------------------------------------------------------------------------------------------
Large       ({1338, 3119}px)    400       35.55 ± 3.49         0.9770 ± 0.0054       27.34 ± 1.51         0.9432 ± 0.0132
Large-Med   ({688, 1329}px)     400       38.48 ± 3.28         0.9848 ± 0.0033       30.30 ± 1.94         0.9624 ± 0.0093
Medium      ({182, 371}px)      400       42.10 ± 3.67         0.9896 ± 0.0021       33.11 ± 1.70         0.9700 ± 0.0066
Med-Small   ({171, 180}px)      400       44.74 ± 2.75         0.9914 ± 0.0021       35.49 ± 2.15         0.9736 ± 0.0073
Small       ({54, 84}px)        400       45.35 ± 2.26         0.9919 ± 0.0016       35.98 ± 1.32         0.9746 ± 0.0064
-----------------------------------------------------------------------------------------------------------------------

--- Overall Summary (mean ± std across all processed files) ---
PSNR(img): 41.25 ± 4.88 (from 2000 images)
SSIM(img): 0.9869 ± 0.0064
PSNR(hu):  32.44 ± 3.69
SSIM(hu):  0.9648 ± 0.0146

--- Individual File Metrics Log ---
Filename            Prefix     MaskIdx  MaskArea   Group   PSNR(img)   SSIM(img)    PSNR(hu)    SSIM(hu)
------------------------------------------------------------------------------------------------------------------------
1_gt_image.png      1                0       371      G3       39.51      0.9862       30.66      0.9564
2_gt_image.png      2                1      1338      G5       30.49      0.9752       27.49      0.9310
3_gt_image.png      3                2       688      G4       34.71      0.9831       29.80      0.9453
4_gt_image.png      4                3        84      G1       46.49      0.9902       34.47      0.9615
5_gt_image.png      5                4       171      G2       47.27      0.9914       35.92      0.9694
6_gt_image.png      6                5        54      G1       41.65      0.9903       33.44      0.9645
7_gt_image.png      7                6      1329      G4       41.73      0.9852       28.92      0.9483
8_gt_image.png      8                7      3119      G5       39.70      0.9780       26.05      0.9140
9_gt_image.png      9                8       182      G3       41.42      0.9881       32.35      0.9591
10_gt_image.png     10               9       180      G2       44.38      0.9894       32.94      0.9606
11_gt_image.png     11               0       371      G3       40.35      0.9864       31.47      0.9583
12_gt_image.png     12               1      1338      G5       40.03      0.9789       27.64      0.9308
13_gt_image.png     13               2       688      G4       36.86      0.9831       28.98      0.9461
14_gt_image.png     14               3        84      G1       42.04      0.9893       34.77      0.9605
15_gt_image.png     15               4       171      G2       41.65      0.9915       37.46      0.9708
16_gt_image.png     16               5        54      G1       43.20      0.9907       35.43      0.9676
17_gt_image.png     17               6      1329      G4       39.78      0.9841       27.94      0.9481
18_gt_image.png     18               7      3119      G5       39.48      0.9768       26.57      0.9166
19_gt_image.png     19               8       182      G3       42.17      0.9889       33.92      0.9612
20_gt_image.png     20               9       180      G2       41.67      0.9887       33.52      0.9623
21_gt_image.png     21               0       371      G3       40.37      0.9883       29.45      0.9563
22_gt_image.png     22               1      1338      G5       34.24      0.9809       27.45      0.9322
23_gt_image.png     23               2       688      G4       36.03      0.9847       29.07      0.9453
24_gt_image.png     24               3        84      G1       44.99      0.9907       34.02      0.9634
25_gt_image.png     25               4       171      G2       39.33      0.9910       35.01      0.9702
26_gt_image.png     26               5        54      G1       43.99      0.9917       34.32      0.9667
27_gt_image.png     27               6      1329      G4       41.93      0.9865       28.30      0.9478
28_gt_image.png     28               7      3119      G5       39.14      0.9762       25.66      0.9137
29_gt_image.png     29               8       182      G3       42.65      0.9891       32.60      0.9615
30_gt_image.png     30               9       180      G2       40.37      0.9887       32.28      0.9612
31_gt_image.png     31               0       371      G3       41.35      0.9887       30.18      0.9547
32_gt_image.png     32               1      1338      G5       37.68      0.9813       27.52      0.9298
33_gt_image.png     33               2       688      G4       40.09      0.9864       30.15      0.9469
34_gt_image.png     34               3        84      G1       41.63      0.9908       34.73      0.9612
35_gt_image.png     35               4       171      G2       43.86      0.9933       37.73      0.9714
36_gt_image.png     36               5        54      G1       42.36      0.9921       35.21      0.9658
37_gt_image.png     37               6      1329      G4       41.28      0.9868       28.18      0.9479
38_gt_image.png     38               7      3119      G5       40.18      0.9801       26.68      0.9168
39_gt_image.png     39               8       182      G3       39.53      0.9897       33.64      0.9601
40_gt_image.png     40               9       180      G2       39.69      0.9896       33.23      0.9605
41_gt_image.png     41               0       371      G3       41.34      0.9871       30.52      0.9561
42_gt_image.png     42               1      1338      G5       36.83      0.9801       27.85      0.9309
43_gt_image.png     43               2       688      G4       39.95      0.9832       29.72      0.9449
44_gt_image.png     44               3        84      G1       46.90      0.9893       34.99      0.9596
45_gt_image.png     45               4       171      G2       48.18      0.9913       36.64      0.9690
46_gt_image.png     46               5        54      G1       45.71      0.9896       34.27      0.9647
47_gt_image.png     47               6      1329      G4       41.32      0.9831       28.12      0.9464
48_gt_image.png     48               7      3119      G5       39.86      0.9751       26.46      0.9140
49_gt_image.png     49               8       182      G3       44.75      0.9878       33.07      0.9573
50_gt_image.png     50               9       180      G2       43.34      0.9877       33.04      0.9573
51_gt_image.png     51               0       371      G3       42.75      0.9893       30.16      0.9569
52_gt_image.png     52               1      1338      G5       38.69      0.9802       27.64      0.9296
53_gt_image.png     53               2       688      G4       36.24      0.9839       29.16      0.9456
54_gt_image.png     54               3        84      G1       46.38      0.9911       34.32      0.9604
55_gt_image.png     55               4       171      G2       47.72      0.9932       37.32      0.9706
56_gt_image.png     56               5        54      G1       46.67      0.9922       34.93      0.9653
57_gt_image.png     57               6      1329      G4       41.07      0.9866       27.89      0.9493
58_gt_image.png     58               7      3119      G5       37.86      0.9810       26.81      0.9212
59_gt_image.png     59               8       182      G3       46.11      0.9907       33.58      0.9596
60_gt_image.png     60               9       180      G2       44.90      0.9898       32.88      0.9603
61_gt_image.png     61               0       371      G3       42.47      0.9898       31.21      0.9636
62_gt_image.png     62               1      1338      G5       37.47      0.9816       27.32      0.9365
63_gt_image.png     63               2       688      G4       37.03      0.9865       30.26      0.9543
64_gt_image.png     64               3        84      G1       41.19      0.9906       35.26      0.9654
65_gt_image.png     65               4       171      G2       47.57      0.9924       36.48      0.9727
66_gt_image.png     66               5        54      G1       46.30      0.9916       34.75      0.9697
67_gt_image.png     67               6      1329      G4       41.17      0.9872       30.10      0.9564
68_gt_image.png     68               7      3119      G5       37.79      0.9791       26.04      0.9263
69_gt_image.png     69               8       182      G3       45.80      0.9907       34.21      0.9647
70_gt_image.png     70               9       180      G2       45.30      0.9905       33.71      0.9654
71_gt_image.png     71               0       371      G3       39.42      0.9905       31.72      0.9684
72_gt_image.png     72               1      1338      G5       38.62      0.9814       26.62      0.9407
73_gt_image.png     73               2       688      G4       37.81      0.9861       29.86      0.9572
74_gt_image.png     74               3        84      G1       48.67      0.9936       36.62      0.9717
75_gt_image.png     75               4       171      G2       49.48      0.9943       37.78      0.9765
76_gt_image.png     76               5        54      G1       49.22      0.9945       37.52      0.9772
77_gt_image.png     77               6      1329      G4       42.48      0.9896       31.69      0.9633
78_gt_image.png     78               7      3119      G5       41.12      0.9831       28.78      0.9361
79_gt_image.png     79               8       182      G3       44.92      0.9929       35.49      0.9721
80_gt_image.png     80               9       180      G2       42.81      0.9916       34.63      0.9707
81_gt_image.png     81               0       371      G3       42.07      0.9912       32.01      0.9705
82_gt_image.png     82               1      1338      G5       31.05      0.9805       27.49      0.9487
83_gt_image.png     83               2       688      G4       41.17      0.9883       30.42      0.9613
84_gt_image.png     84               3        84      G1       44.69      0.9929       36.79      0.9718
85_gt_image.png     85               4       171      G2       47.67      0.9946       39.09      0.9780
86_gt_image.png     86               5        54      G1       45.68      0.9935       37.02      0.9760
87_gt_image.png     87               6      1329      G4       44.17      0.9899       32.63      0.9628
88_gt_image.png     88               7      3119      G5       42.91      0.9851       30.96      0.9431
89_gt_image.png     89               8       182      G3       46.71      0.9924       35.21      0.9705
90_gt_image.png     90               9       180      G2       44.19      0.9923       35.45      0.9701
91_gt_image.png     91               0       371      G3       38.30      0.9875       31.77      0.9769
92_gt_image.png     92               1      1338      G5       33.63      0.9768       26.52      0.9617
93_gt_image.png     93               2       688      G4       38.11      0.9836       28.62      0.9703
94_gt_image.png     94               3        84      G1       44.86      0.9887       34.17      0.9759
95_gt_image.png     95               4       171      G2       45.33      0.9917       33.13      0.9787
96_gt_image.png     96               5        54      G1       44.34      0.9916       34.66      0.9801
97_gt_image.png     97               6      1329      G4       42.52      0.9820       34.27      0.9777
98_gt_image.png     98               7      3119      G5       39.13      0.9678       30.41      0.9623
99_gt_image.png     99               8       182      G3       41.64      0.9862       32.25      0.9720
100_gt_image.png    100              9       180      G2       43.47      0.9852       32.25      0.9712
101_gt_image.png    101              0       371      G3       42.66      0.9909       33.12      0.9728
102_gt_image.png    102              1      1338      G5       40.12      0.9817       27.74      0.9487
103_gt_image.png    103              2       688      G4       42.55      0.9877       30.23      0.9633
104_gt_image.png    104              3        84      G1       46.60      0.9915       35.73      0.9756
105_gt_image.png    105              4       171      G2       47.98      0.9932       37.12      0.9822
106_gt_image.png    106              5        54      G1       47.63      0.9932       35.76      0.9787
107_gt_image.png    107              6      1329      G4       43.17      0.9885       31.87      0.9681
108_gt_image.png    108              7      3119      G5       40.44      0.9827       28.54      0.9420
109_gt_image.png    109              8       182      G3       42.74      0.9909       34.28      0.9748
110_gt_image.png    110              9       180      G2       42.06      0.9890       32.82      0.9713
111_gt_image.png    111              0       371      G3       39.12      0.9877       31.21      0.9641
112_gt_image.png    112              1      1338      G5       34.12      0.9782       27.12      0.9449
113_gt_image.png    113              2       688      G4       31.45      0.9804       26.94      0.9521
114_gt_image.png    114              3        84      G1       44.82      0.9903       36.28      0.9691
115_gt_image.png    115              4       171      G2       45.37      0.9916       35.86      0.9698
116_gt_image.png    116              5        54      G1       46.00      0.9921       36.41      0.9714
117_gt_image.png    117              6      1329      G4       37.92      0.9813       32.90      0.9623
118_gt_image.png    118              7      3119      G5       33.17      0.9679       29.89      0.9388
119_gt_image.png    119              8       182      G3       40.78      0.9874       32.60      0.9620
120_gt_image.png    120              9       180      G2       42.24      0.9879       32.34      0.9615
121_gt_image.png    121              0       371      G3       39.08      0.9863       32.04      0.9641
122_gt_image.png    122              1      1338      G5       33.96      0.9762       27.27      0.9415
123_gt_image.png    123              2       688      G4       37.32      0.9816       27.42      0.9519
124_gt_image.png    124              3        84      G1       44.56      0.9892       35.62      0.9691
125_gt_image.png    125              4       171      G2       46.30      0.9904       35.06      0.9684
126_gt_image.png    126              5        54      G1       45.54      0.9907       35.44      0.9715
127_gt_image.png    127              6      1329      G4       41.96      0.9835       33.94      0.9648
128_gt_image.png    128              7      3119      G5       34.04      0.9689       28.35      0.9378
129_gt_image.png    129              8       182      G3       42.04      0.9872       31.59      0.9621
130_gt_image.png    130              9       180      G2       42.06      0.9866       32.18      0.9597
131_gt_image.png    131              0       371      G3       41.71      0.9892       30.48      0.9598
132_gt_image.png    132              1      1338      G5       35.89      0.9790       27.37      0.9371
133_gt_image.png    133              2       688      G4       39.82      0.9848       28.81      0.9495
134_gt_image.png    134              3        84      G1       46.01      0.9909       34.46      0.9625
135_gt_image.png    135              4       171      G2       46.58      0.9924       35.86      0.9677
136_gt_image.png    136              5        54      G1       44.83      0.9916       33.59      0.9676
137_gt_image.png    137              6      1329      G4       41.02      0.9843       33.56      0.9617
138_gt_image.png    138              7      3119      G5       35.73      0.9723       25.95      0.9217
139_gt_image.png    139              8       182      G3       44.99      0.9902       33.44      0.9607
140_gt_image.png    140              9       180      G2       42.77      0.9886       32.08      0.9571
141_gt_image.png    141              0       371      G3       41.24      0.9895       30.45      0.9650
142_gt_image.png    142              1      1338      G5       34.97      0.9787       26.54      0.9381
143_gt_image.png    143              2       688      G4       38.65      0.9860       29.22      0.9545
144_gt_image.png    144              3        84      G1       44.05      0.9910       33.75      0.9620
145_gt_image.png    145              4       171      G2       43.36      0.9931       36.51      0.9691
146_gt_image.png    146              5        54      G1       44.59      0.9919       34.04      0.9680
147_gt_image.png    147              6      1329      G4       35.13      0.9839       30.19      0.9555
148_gt_image.png    148              7      3119      G5       32.34      0.9739       24.39      0.9161
149_gt_image.png    149              8       182      G3       42.26      0.9900       32.42      0.9609
150_gt_image.png    150              9       180      G2       42.88      0.9898       33.04      0.9591
151_gt_image.png    151              0       371      G3       39.14      0.9883       31.64      0.9646
152_gt_image.png    152              1      1338      G5       35.18      0.9779       27.23      0.9415
153_gt_image.png    153              2       688      G4       37.93      0.9832       28.41      0.9517
154_gt_image.png    154              3        84      G1       45.33      0.9908       35.43      0.9655
155_gt_image.png    155              4       171      G2       43.98      0.9915       35.96      0.9684
156_gt_image.png    156              5        54      G1       44.54      0.9917       35.73      0.9698
157_gt_image.png    157              6      1329      G4       42.55      0.9852       33.70      0.9632
158_gt_image.png    158              7      3119      G5       35.93      0.9743       28.31      0.9314
159_gt_image.png    159              8       182      G3       42.76      0.9894       33.64      0.9617
160_gt_image.png    160              9       180      G2       41.75      0.9871       31.10      0.9562
161_gt_image.png    161              0       371      G3       38.43      0.9871       32.32      0.9644
162_gt_image.png    162              1      1338      G5       36.28      0.9779       28.27      0.9418
163_gt_image.png    163              2       688      G4       38.11      0.9835       29.27      0.9539
164_gt_image.png    164              3        84      G1       44.50      0.9896       36.19      0.9688
165_gt_image.png    165              4       171      G2       44.77      0.9906       35.03      0.9695
166_gt_image.png    166              5        54      G1       47.19      0.9913       36.65      0.9691
167_gt_image.png    167              6      1329      G4       37.55      0.9817       33.20      0.9615
168_gt_image.png    168              7      3119      G5       33.10      0.9673       29.72      0.9375
169_gt_image.png    169              8       182      G3       40.59      0.9873       33.26      0.9638
170_gt_image.png    170              9       180      G2       39.78      0.9875       32.56      0.9629
171_gt_image.png    171              0       371      G3       28.21      0.9819       32.03      0.9713
172_gt_image.png    172              1      1338      G5       31.47      0.9785       27.89      0.9519
173_gt_image.png    173              2       688      G4       33.64      0.9843       30.40      0.9646
174_gt_image.png    174              3        84      G1       47.73      0.9922       37.18      0.9747
175_gt_image.png    175              4       171      G2       45.56      0.9919       37.33      0.9792
176_gt_image.png    176              5        54      G1       48.71      0.9929       37.13      0.9788
177_gt_image.png    177              6      1329      G4       38.35      0.9856       30.20      0.9631
178_gt_image.png    178              7      3119      G5       37.60      0.9773       27.83      0.9390
179_gt_image.png    179              8       182      G3       46.13      0.9907       35.64      0.9733
180_gt_image.png    180              9       180      G2       44.16      0.9897       34.55      0.9717
181_gt_image.png    181              0       371      G3       33.06      0.9872       30.19      0.9701
182_gt_image.png    182              1      1338      G5       38.24      0.9823       27.55      0.9482
183_gt_image.png    183              2       688      G4       38.24      0.9865       31.09      0.9627
184_gt_image.png    184              3        84      G1       49.13      0.9932       38.44      0.9766
185_gt_image.png    185              4       171      G2       48.42      0.9931       38.25      0.9791
186_gt_image.png    186              5        54      G1       49.29      0.9935       38.61      0.9779
187_gt_image.png    187              6      1329      G4       39.50      0.9869       31.15      0.9631
188_gt_image.png    188              7      3119      G5       40.05      0.9780       29.50      0.9422
189_gt_image.png    189              8       182      G3       46.83      0.9919       36.37      0.9728
190_gt_image.png    190              9       180      G2       46.16      0.9920       37.21      0.9738
191_gt_image.png    191              0       371      G3       38.23      0.9896       33.42      0.9674
192_gt_image.png    192              1      1338      G5       22.39      0.9583       28.23      0.9460
193_gt_image.png    193              2       688      G4       28.17      0.9784       31.54      0.9594
194_gt_image.png    194              3        84      G1       42.72      0.9903       35.56      0.9674
195_gt_image.png    195              4       171      G2       45.16      0.9916       37.25      0.9743
196_gt_image.png    196              5        54      G1       46.96      0.9912       35.84      0.9720
197_gt_image.png    197              6      1329      G4       40.26      0.9858       29.43      0.9577
198_gt_image.png    198              7      3119      G5       37.42      0.9774       26.17      0.9312
199_gt_image.png    199              8       182      G3       43.43      0.9886       34.26      0.9671
200_gt_image.png    200              9       180      G2       40.81      0.9878       34.08      0.9664
201_gt_image.png    201              0       371      G3       43.30      0.9911       34.98      0.9690
202_gt_image.png    202              1      1338      G5       31.75      0.9828       29.49      0.9490
203_gt_image.png    203              2       688      G4       27.38      0.9778       29.51      0.9588
204_gt_image.png    204              3        84      G1       46.85      0.9922       35.26      0.9695
205_gt_image.png    205              4       171      G2       47.53      0.9938       37.91      0.9744
206_gt_image.png    206              5        54      G1       46.73      0.9928       35.75      0.9735
207_gt_image.png    207              6      1329      G4       41.55      0.9891       30.31      0.9613
208_gt_image.png    208              7      3119      G5       39.48      0.9834       27.17      0.9361
209_gt_image.png    209              8       182      G3       45.57      0.9911       33.25      0.9676
210_gt_image.png    210              9       180      G2       45.56      0.9912       34.03      0.9663
211_gt_image.png    211              0       371      G3       45.34      0.9911       33.99      0.9692
212_gt_image.png    212              1      1338      G5       37.67      0.9832       28.26      0.9475
213_gt_image.png    213              2       688      G4       29.07      0.9796       30.26      0.9592
214_gt_image.png    214              3        84      G1       47.48      0.9922       35.29      0.9705
215_gt_image.png    215              4       171      G2       48.61      0.9941       38.11      0.9769
216_gt_image.png    216              5        54      G1       47.61      0.9932       35.96      0.9752
217_gt_image.png    217              6      1329      G4       41.30      0.9884       29.28      0.9611
218_gt_image.png    218              7      3119      G5       39.25      0.9818       25.95      0.9338
219_gt_image.png    219              8       182      G3       45.02      0.9909       32.33      0.9681
220_gt_image.png    220              9       180      G2       46.22      0.9915       34.20      0.9676
221_gt_image.png    221              0       371      G3       43.25      0.9910       33.94      0.9700
222_gt_image.png    222              1      1338      G5       33.10      0.9823       29.15      0.9513
223_gt_image.png    223              2       688      G4       29.30      0.9802       30.28      0.9600
224_gt_image.png    224              3        84      G1       45.73      0.9920       35.36      0.9714
225_gt_image.png    225              4       171      G2       48.93      0.9940       38.00      0.9776
226_gt_image.png    226              5        54      G1       45.35      0.9932       36.64      0.9769
227_gt_image.png    227              6      1329      G4       41.45      0.9876       28.64      0.9584
228_gt_image.png    228              7      3119      G5       38.77      0.9804       25.52      0.9328
229_gt_image.png    229              8       182      G3       45.86      0.9912       33.80      0.9706
230_gt_image.png    230              9       180      G2       45.67      0.9908       33.26      0.9677
231_gt_image.png    231              0       371      G3       40.41      0.9894       34.28      0.9683
232_gt_image.png    232              1      1338      G5       28.07      0.9754       27.41      0.9443
233_gt_image.png    233              2       688      G4       32.89      0.9832       30.34      0.9586
234_gt_image.png    234              3        84      G1       47.39      0.9912       36.15      0.9695
235_gt_image.png    235              4       171      G2       47.45      0.9923       38.06      0.9735
236_gt_image.png    236              5        54      G1       45.35      0.9913       36.00      0.9730
237_gt_image.png    237              6      1329      G4       40.91      0.9889       32.89      0.9629
238_gt_image.png    238              7      3119      G5       38.59      0.9839       30.26      0.9400
239_gt_image.png    239              8       182      G3       45.07      0.9891       33.38      0.9649
240_gt_image.png    240              9       180      G2       46.13      0.9895       34.26      0.9632
241_gt_image.png    241              0       371      G3       41.81      0.9892       32.74      0.9664
242_gt_image.png    242              1      1338      G5       26.23      0.9719       27.20      0.9422
243_gt_image.png    243              2       688      G4       39.67      0.9851       29.72      0.9563
244_gt_image.png    244              3        84      G1       44.46      0.9918       36.09      0.9676
245_gt_image.png    245              4       171      G2       44.70      0.9930       37.97      0.9727
246_gt_image.png    246              5        54      G1       47.12      0.9919       35.95      0.9717
247_gt_image.png    247              6      1329      G4       45.54      0.9898       33.69      0.9626
248_gt_image.png    248              7      3119      G5       42.82      0.9858       31.00      0.9398
249_gt_image.png    249              8       182      G3       46.43      0.9907       34.28      0.9667
250_gt_image.png    250              9       180      G2       46.26      0.9912       35.33      0.9649
251_gt_image.png    251              0       371      G3       40.81      0.9898       34.31      0.9694
252_gt_image.png    252              1      1338      G5       25.80      0.9727       28.59      0.9483
253_gt_image.png    253              2       688      G4       27.87      0.9777       29.85      0.9588
254_gt_image.png    254              3        84      G1       44.09      0.9911       35.90      0.9688
255_gt_image.png    255              4       171      G2       48.72      0.9929       37.89      0.9733
256_gt_image.png    256              5        54      G1       46.25      0.9919       36.27      0.9737
257_gt_image.png    257              6      1329      G4       41.71      0.9891       32.53      0.9623
258_gt_image.png    258              7      3119      G5       40.36      0.9835       29.15      0.9361
259_gt_image.png    259              8       182      G3       45.08      0.9900       33.68      0.9674
260_gt_image.png    260              9       180      G2       44.01      0.9898       33.55      0.9652
261_gt_image.png    261              0       371      G3       44.27      0.9920       31.82      0.9726
262_gt_image.png    262              1      1338      G5       36.85      0.9814       25.93      0.9490
263_gt_image.png    263              2       688      G4       37.24      0.9853       28.79      0.9616
264_gt_image.png    264              3        84      G1       47.02      0.9930       35.07      0.9734
265_gt_image.png    265              4       171      G2       48.61      0.9948       37.07      0.9801
266_gt_image.png    266              5        54      G1       48.66      0.9947       37.37      0.9805
267_gt_image.png    267              6      1329      G4       37.03      0.9864       28.77      0.9668
268_gt_image.png    268              7      3119      G5       34.78      0.9777       25.02      0.9336
269_gt_image.png    269              8       182      G3       46.63      0.9924       34.53      0.9735
270_gt_image.png    270              9       180      G2       44.09      0.9917       33.00      0.9708
271_gt_image.png    271              0       371      G3       43.02      0.9904       34.39      0.9626
272_gt_image.png    272              1      1338      G5       39.42      0.9847       28.42      0.9373
273_gt_image.png    273              2       688      G4       42.53      0.9877       31.10      0.9498
274_gt_image.png    274              3        84      G1       42.86      0.9883       34.86      0.9637
275_gt_image.png    275              4       171      G2       45.49      0.9905       35.74      0.9715
276_gt_image.png    276              5        54      G1       44.60      0.9918       35.35      0.9704
277_gt_image.png    277              6      1329      G4       37.21      0.9815       29.88      0.9532
278_gt_image.png    278              7      3119      G5       31.87      0.9701       25.84      0.9218
279_gt_image.png    279              8       182      G3       43.97      0.9885       33.84      0.9611
280_gt_image.png    280              9       180      G2       44.21      0.9877       34.30      0.9638
281_gt_image.png    281              0       371      G3       42.70      0.9878       33.24      0.9680
282_gt_image.png    282              1      1338      G5       37.27      0.9769       27.75      0.9459
283_gt_image.png    283              2       688      G4       37.24      0.9821       27.91      0.9555
284_gt_image.png    284              3        84      G1       44.64      0.9893       34.22      0.9725
285_gt_image.png    285              4       171      G2       47.01      0.9890       36.10      0.9769
286_gt_image.png    286              5        54      G1       46.67      0.9924       36.47      0.9774
287_gt_image.png    287              6      1329      G4       37.51      0.9800       29.83      0.9591
288_gt_image.png    288              7      3119      G5       35.77      0.9716       28.07      0.9355
289_gt_image.png    289              8       182      G3       44.27      0.9873       33.61      0.9696
290_gt_image.png    290              9       180      G2       43.21      0.9855       32.61      0.9665
291_gt_image.png    291              0       371      G3       40.54      0.9874       32.88      0.9685
292_gt_image.png    292              1      1338      G5       36.08      0.9787       26.66      0.9480
293_gt_image.png    293              2       688      G4       34.91      0.9820       28.47      0.9584
294_gt_image.png    294              3        84      G1       45.53      0.9899       36.42      0.9723
295_gt_image.png    295              4       171      G2       46.56      0.9918       37.52      0.9766
296_gt_image.png    296              5        54      G1       46.20      0.9914       35.68      0.9741
297_gt_image.png    297              6      1329      G4       41.29      0.9855       34.45      0.9700
298_gt_image.png    298              7      3119      G5       38.63      0.9761       30.60      0.9535
299_gt_image.png    299              8       182      G3       44.44      0.9899       34.42      0.9704
300_gt_image.png    300              9       180      G2       44.26      0.9897       34.31      0.9704
301_gt_image.png    301              0       371      G3       40.33      0.9880       33.16      0.9695
302_gt_image.png    302              1      1338      G5       33.83      0.9781       25.98      0.9458
303_gt_image.png    303              2       688      G4       35.52      0.9818       28.43      0.9578
304_gt_image.png    304              3        84      G1       42.78      0.9905       35.87      0.9709
305_gt_image.png    305              4       171      G2       45.09      0.9908       38.16      0.9768
306_gt_image.png    306              5        54      G1       44.26      0.9917       36.39      0.9733
307_gt_image.png    307              6      1329      G4       40.45      0.9843       34.16      0.9689
308_gt_image.png    308              7      3119      G5       34.82      0.9701       26.88      0.9463
309_gt_image.png    309              8       182      G3       42.80      0.9906       35.75      0.9705
310_gt_image.png    310              9       180      G2       42.70      0.9896       34.62      0.9687
311_gt_image.png    311              0       371      G3       39.60      0.9872       32.88      0.9679
312_gt_image.png    312              1      1338      G5       34.39      0.9776       26.29      0.9474
313_gt_image.png    313              2       688      G4       35.73      0.9827       29.09      0.9573
314_gt_image.png    314              3        84      G1       43.79      0.9897       35.97      0.9724
315_gt_image.png    315              4       171      G2       46.56      0.9913       38.22      0.9774
316_gt_image.png    316              5        54      G1       46.55      0.9914       36.08      0.9736
317_gt_image.png    317              6      1329      G4       41.16      0.9843       34.58      0.9703
318_gt_image.png    318              7      3119      G5       37.85      0.9737       29.91      0.9527
319_gt_image.png    319              8       182      G3       45.77      0.9904       35.52      0.9712
320_gt_image.png    320              9       180      G2       44.52      0.9895       34.12      0.9702
321_gt_image.png    321              0       371      G3       41.59      0.9887       34.52      0.9706
322_gt_image.png    322              1      1338      G5       35.73      0.9793       25.82      0.9489
323_gt_image.png    323              2       688      G4       34.63      0.9819       27.43      0.9556
324_gt_image.png    324              3        84      G1       44.78      0.9902       35.87      0.9700
325_gt_image.png    325              4       171      G2       41.82      0.9914       34.66      0.9740
326_gt_image.png    326              5        54      G1       45.79      0.9916       36.96      0.9753
327_gt_image.png    327              6      1329      G4       33.82      0.9825       30.51      0.9634
328_gt_image.png    328              7      3119      G5       33.66      0.9744       30.12      0.9497
329_gt_image.png    329              8       182      G3       42.26      0.9895       33.29      0.9690
330_gt_image.png    330              9       180      G2       41.31      0.9882       32.45      0.9666
331_gt_image.png    331              0       371      G3       44.44      0.9910       34.26      0.9700
332_gt_image.png    332              1      1338      G5       35.97      0.9802       26.97      0.9483
333_gt_image.png    333              2       688      G4       34.39      0.9831       27.77      0.9566
334_gt_image.png    334              3        84      G1       45.35      0.9915       34.84      0.9695
335_gt_image.png    335              4       171      G2       46.70      0.9930       36.12      0.9741
336_gt_image.png    336              5        54      G1       46.37      0.9930       36.52      0.9759
337_gt_image.png    337              6      1329      G4       37.02      0.9852       30.95      0.9631
338_gt_image.png    338              7      3119      G5       33.29      0.9748       29.07      0.9409
339_gt_image.png    339              8       182      G3       44.40      0.9904       33.55      0.9683
340_gt_image.png    340              9       180      G2       44.37      0.9901       32.43      0.9668
341_gt_image.png    341              0       371      G3       43.38      0.9903       34.52      0.9710
342_gt_image.png    342              1      1338      G5       35.54      0.9804       26.29      0.9511
343_gt_image.png    343              2       688      G4       33.26      0.9817       26.49      0.9555
344_gt_image.png    344              3        84      G1       44.53      0.9915       35.26      0.9702
345_gt_image.png    345              4       171      G2       44.55      0.9930       36.02      0.9736
346_gt_image.png    346              5        54      G1       43.84      0.9927       36.58      0.9754
347_gt_image.png    347              6      1329      G4       34.95      0.9835       30.27      0.9634
348_gt_image.png    348              7      3119      G5       34.53      0.9748       28.99      0.9471
349_gt_image.png    349              8       182      G3       43.88      0.9909       32.92      0.9677
350_gt_image.png    350              9       180      G2       40.61      0.9890       31.23      0.9658
351_gt_image.png    351              0       371      G3       43.86      0.9893       34.06      0.9696
352_gt_image.png    352              1      1338      G5       35.77      0.9795       26.03      0.9483
353_gt_image.png    353              2       688      G4       35.60      0.9832       28.71      0.9570
354_gt_image.png    354              3        84      G1       45.00      0.9905       36.02      0.9718
355_gt_image.png    355              4       171      G2       43.31      0.9919       36.88      0.9754
356_gt_image.png    356              5        54      G1       44.80      0.9917       35.81      0.9739
357_gt_image.png    357              6      1329      G4       37.87      0.9847       34.06      0.9673
358_gt_image.png    358              7      3119      G5       36.93      0.9763       31.42      0.9521
359_gt_image.png    359              8       182      G3       44.60      0.9906       34.44      0.9712
360_gt_image.png    360              9       180      G2       42.61      0.9890       34.07      0.9686
361_gt_image.png    361              0       371      G3       32.41      0.9850       31.04      0.9743
362_gt_image.png    362              1      1338      G5       33.62      0.9732       27.32      0.9533
363_gt_image.png    363              2       688      G4       30.93      0.9805       30.27      0.9685
364_gt_image.png    364              3        84      G1       42.24      0.9902       36.61      0.9790
365_gt_image.png    365              4       171      G2       39.35      0.9915       36.11      0.9810
366_gt_image.png    366              5        54      G1       44.82      0.9922       38.58      0.9821
367_gt_image.png    367              6      1329      G4       40.10      0.9841       34.21      0.9781
368_gt_image.png    368              7      3119      G5       29.43      0.9679       27.42      0.9514
369_gt_image.png    369              8       182      G3       43.34      0.9906       35.87      0.9786
370_gt_image.png    370              9       180      G2       42.51      0.9895       33.58      0.9759
371_gt_image.png    371              0       371      G3       25.83      0.9819       32.47      0.9727
372_gt_image.png    372              1      1338      G5       25.39      0.9732       26.58      0.9505
373_gt_image.png    373              2       688      G4       33.11      0.9841       28.97      0.9614
374_gt_image.png    374              3        84      G1       43.92      0.9936       39.52      0.9771
375_gt_image.png    375              4       171      G2       41.65      0.9939       40.49      0.9818
376_gt_image.png    376              5        54      G1       46.16      0.9937       38.87      0.9773
377_gt_image.png    377              6      1329      G4       42.73      0.9894       30.76      0.9674
378_gt_image.png    378              7      3119      G5       41.01      0.9828       29.03      0.9462
379_gt_image.png    379              8       182      G3       45.39      0.9927       37.60      0.9734
380_gt_image.png    380              9       180      G2       44.93      0.9935       38.71      0.9754
381_gt_image.png    381              0       371      G3       38.10      0.9856       31.73      0.9625
382_gt_image.png    382              1      1338      G5       31.55      0.9742       26.82      0.9407
383_gt_image.png    383              2       688      G4       33.65      0.9783       27.08      0.9476
384_gt_image.png    384              3        84      G1       39.76      0.9882       35.44      0.9665
385_gt_image.png    385              4       171      G2       42.46      0.9899       36.94      0.9748
386_gt_image.png    386              5        54      G1       39.13      0.9899       36.70      0.9693
387_gt_image.png    387              6      1329      G4       36.88      0.9731       32.89      0.9626
388_gt_image.png    388              7      3119      G5       32.46      0.9546       29.21      0.9410
389_gt_image.png    389              8       182      G3       41.40      0.9888       34.90      0.9640
390_gt_image.png    390              9       180      G2       38.82      0.9870       33.97      0.9614
391_gt_image.png    391              0       371      G3       42.28      0.9876       30.11      0.9609
392_gt_image.png    392              1      1338      G5       35.34      0.9756       25.43      0.9308
393_gt_image.png    393              2       688      G4       37.64      0.9817       27.65      0.9486
394_gt_image.png    394              3        84      G1       44.80      0.9890       32.95      0.9628
395_gt_image.png    395              4       171      G2       46.44      0.9901       34.36      0.9656
396_gt_image.png    396              5        54      G1       46.82      0.9913       34.99      0.9681
397_gt_image.png    397              6      1329      G4       44.25      0.9859       33.19      0.9611
398_gt_image.png    398              7      3119      G5       33.47      0.9717       25.70      0.9250
399_gt_image.png    399              8       182      G3       44.37      0.9875       32.39      0.9607
400_gt_image.png    400              9       180      G2       43.73      0.9867       31.25      0.9569
401_gt_image.png    401              0       371      G3       41.30      0.9880       30.49      0.9692
402_gt_image.png    402              1      1338      G5       35.40      0.9750       26.64      0.9482
403_gt_image.png    403              2       688      G4       37.73      0.9813       28.68      0.9599
404_gt_image.png    404              3        84      G1       43.84      0.9899       36.51      0.9755
405_gt_image.png    405              4       171      G2       43.61      0.9912       37.75      0.9794
406_gt_image.png    406              5        54      G1       46.74      0.9918       36.85      0.9764
407_gt_image.png    407              6      1329      G4       40.73      0.9852       35.96      0.9743
408_gt_image.png    408              7      3119      G5       37.77      0.9739       31.68      0.9584
409_gt_image.png    409              8       182      G3       45.01      0.9908       35.79      0.9730
410_gt_image.png    410              9       180      G2       45.03      0.9902       35.45      0.9727
411_gt_image.png    411              0       371      G3       40.42      0.9866       31.76      0.9597
412_gt_image.png    412              1      1338      G5       33.42      0.9745       26.68      0.9301
413_gt_image.png    413              2       688      G4       38.74      0.9826       29.11      0.9464
414_gt_image.png    414              3        84      G1       47.12      0.9909       37.54      0.9650
415_gt_image.png    415              4       171      G2       44.93      0.9915       38.51      0.9713
416_gt_image.png    416              5        54      G1       47.41      0.9907       36.27      0.9648
417_gt_image.png    417              6      1329      G4       36.61      0.9856       30.08      0.9514
418_gt_image.png    418              7      3119      G5       35.93      0.9772       28.49      0.9216
419_gt_image.png    419              8       182      G3       44.21      0.9897       35.98      0.9600
420_gt_image.png    420              9       180      G2       46.75      0.9903       36.57      0.9606
421_gt_image.png    421              0       371      G3       33.17      0.9876       31.81      0.9590
422_gt_image.png    422              1      1338      G5       38.69      0.9812       27.27      0.9285
423_gt_image.png    423              2       688      G4       42.04      0.9868       30.83      0.9484
424_gt_image.png    424              3        84      G1       43.68      0.9920       36.84      0.9651
425_gt_image.png    425              4       171      G2       44.54      0.9930       38.29      0.9700
426_gt_image.png    426              5        54      G1       45.92      0.9924       37.00      0.9672
427_gt_image.png    427              6      1329      G4       37.68      0.9854       28.34      0.9463
428_gt_image.png    428              7      3119      G5       36.29      0.9804       27.11      0.9149
429_gt_image.png    429              8       182      G3       44.06      0.9918       36.50      0.9631
430_gt_image.png    430              9       180      G2       42.82      0.9911       35.78      0.9594
431_gt_image.png    431              0       371      G3       39.36      0.9876       29.59      0.9673
432_gt_image.png    432              1      1338      G5       34.89      0.9755       25.97      0.9452
433_gt_image.png    433              2       688      G4       36.14      0.9812       29.20      0.9599
434_gt_image.png    434              3        84      G1       47.57      0.9913       37.32      0.9694
435_gt_image.png    435              4       171      G2       48.40      0.9930       38.83      0.9749
436_gt_image.png    436              5        54      G1       47.82      0.9919       37.79      0.9725
437_gt_image.png    437              6      1329      G4       40.42      0.9843       31.49      0.9664
438_gt_image.png    438              7      3119      G5       36.89      0.9747       27.74      0.9391
439_gt_image.png    439              8       182      G3       46.92      0.9908       36.16      0.9673
440_gt_image.png    440              9       180      G2       46.67      0.9904       35.35      0.9648
441_gt_image.png    441              0       371      G3       40.72      0.9890       31.18      0.9696
442_gt_image.png    442              1      1338      G5       34.96      0.9761       25.99      0.9455
443_gt_image.png    443              2       688      G4       37.72      0.9838       28.79      0.9606
444_gt_image.png    444              3        84      G1       46.74      0.9917       35.96      0.9704
445_gt_image.png    445              4       171      G2       46.85      0.9937       38.67      0.9769
446_gt_image.png    446              5        54      G1       47.08      0.9924       36.57      0.9730
447_gt_image.png    447              6      1329      G4       38.20      0.9838       35.96      0.9717
448_gt_image.png    448              7      3119      G5       32.11      0.9713       29.28      0.9494
449_gt_image.png    449              8       182      G3       45.22      0.9910       35.79      0.9694
450_gt_image.png    450              9       180      G2       45.58      0.9907       34.62      0.9666
451_gt_image.png    451              0       371      G3       34.57      0.9873       31.25      0.9602
452_gt_image.png    452              1      1338      G5       36.34      0.9796       27.28      0.9311
453_gt_image.png    453              2       688      G4       36.91      0.9845       29.70      0.9474
454_gt_image.png    454              3        84      G1       46.41      0.9917       37.05      0.9650
455_gt_image.png    455              4       171      G2       47.15      0.9926       37.97      0.9701
456_gt_image.png    456              5        54      G1       47.90      0.9921       36.79      0.9670
457_gt_image.png    457              6      1329      G4       40.79      0.9861       28.20      0.9480
458_gt_image.png    458              7      3119      G5       40.39      0.9810       27.01      0.9158
459_gt_image.png    459              8       182      G3       47.87      0.9914       36.21      0.9618
460_gt_image.png    460              9       180      G2       46.58      0.9908       35.85      0.9595
461_gt_image.png    461              0       371      G3       42.08      0.9888       31.35      0.9643
462_gt_image.png    462              1      1338      G5       35.72      0.9784       26.42      0.9372
463_gt_image.png    463              2       688      G4       37.19      0.9830       29.59      0.9544
464_gt_image.png    464              3        84      G1       47.43      0.9923       37.93      0.9674
465_gt_image.png    465              4       171      G2       45.07      0.9923       38.26      0.9719
466_gt_image.png    466              5        54      G1       47.75      0.9925       37.07      0.9685
467_gt_image.png    467              6      1329      G4       43.27      0.9871       30.43      0.9564
468_gt_image.png    468              7      3119      G5       41.78      0.9799       28.46      0.9282
469_gt_image.png    469              8       182      G3       48.20      0.9922       36.66      0.9647
470_gt_image.png    470              9       180      G2       44.91      0.9913       36.39      0.9629
471_gt_image.png    471              0       371      G3       36.96      0.9872       29.40      0.9615
472_gt_image.png    472              1      1338      G5       36.64      0.9788       26.88      0.9330
473_gt_image.png    473              2       688      G4       37.93      0.9840       29.50      0.9490
474_gt_image.png    474              3        84      G1       39.70      0.9910       37.85      0.9662
475_gt_image.png    475              4       171      G2       40.34      0.9921       38.61      0.9719
476_gt_image.png    476              5        54      G1       40.93      0.9915       36.90      0.9662
477_gt_image.png    477              6      1329      G4       41.31      0.9877       31.33      0.9546
478_gt_image.png    478              7      3119      G5       37.98      0.9784       29.25      0.9260
479_gt_image.png    479              8       182      G3       39.67      0.9907       36.91      0.9623
480_gt_image.png    480              9       180      G2       40.02      0.9909       37.00      0.9626
481_gt_image.png    481              0       371      G3       39.12      0.9876       31.43      0.9670
482_gt_image.png    482              1      1338      G5       35.85      0.9765       27.11      0.9441
483_gt_image.png    483              2       688      G4       36.88      0.9805       29.67      0.9577
484_gt_image.png    484              3        84      G1       48.53      0.9916       38.17      0.9705
485_gt_image.png    485              4       171      G2       44.25      0.9926       38.49      0.9746
486_gt_image.png    486              5        54      G1       47.86      0.9927       37.61      0.9721
487_gt_image.png    487              6      1329      G4       38.30      0.9830       31.05      0.9620
488_gt_image.png    488              7      3119      G5       40.63      0.9778       28.75      0.9369
489_gt_image.png    489              8       182      G3       47.77      0.9914       36.86      0.9676
490_gt_image.png    490              9       180      G2       47.34      0.9910       36.06      0.9654
491_gt_image.png    491              0       371      G3       47.33      0.9923       34.09      0.9719
492_gt_image.png    492              1      1338      G5       39.67      0.9822       27.03      0.9515
493_gt_image.png    493              2       688      G4       44.10      0.9895       30.67      0.9636
494_gt_image.png    494              3        84      G1       46.12      0.9930       34.31      0.9743
495_gt_image.png    495              4       171      G2       49.84      0.9949       37.34      0.9828
496_gt_image.png    496              5        54      G1       48.67      0.9945       35.78      0.9808
497_gt_image.png    497              6      1329      G4       34.98      0.9843       27.51      0.9643
498_gt_image.png    498              7      3119      G5       34.48      0.9759       26.08      0.9404
499_gt_image.png    499              8       182      G3       46.45      0.9919       32.87      0.9707
500_gt_image.png    500              9       180      G2       46.51      0.9913       33.69      0.9709
501_gt_image.png    501              0       371      G3       42.40      0.9854       33.79      0.9773
502_gt_image.png    502              1      1338      G5       37.31      0.9766       27.44      0.9612
503_gt_image.png    503              2       688      G4       38.23      0.9811       30.23      0.9701
504_gt_image.png    504              3        84      G1       44.37      0.9832       34.96      0.9801
505_gt_image.png    505              4       171      G2       45.79      0.9867       37.77      0.9855
506_gt_image.png    506              5        54      G1       43.12      0.9852       34.03      0.9808
507_gt_image.png    507              6      1329      G4       33.64      0.9763       29.69      0.9718
508_gt_image.png    508              7      3119      G5       26.95      0.9566       23.85      0.9421
509_gt_image.png    509              8       182      G3       43.35      0.9820       33.19      0.9795
510_gt_image.png    510              9       180      G2       44.55      0.9839       35.00      0.9793
511_gt_image.png    511              0       371      G3       47.34      0.9932       34.04      0.9690
512_gt_image.png    512              1      1338      G5       40.83      0.9868       26.53      0.9386
513_gt_image.png    513              2       688      G4       41.90      0.9895       28.00      0.9543
514_gt_image.png    514              3        84      G1       47.44      0.9933       36.53      0.9732
515_gt_image.png    515              4       171      G2       47.76      0.9944       36.68      0.9769
516_gt_image.png    516              5        54      G1       47.96      0.9942       35.83      0.9762
517_gt_image.png    517              6      1329      G4       40.44      0.9880       29.59      0.9610
518_gt_image.png    518              7      3119      G5       36.22      0.9783       26.34      0.9303
519_gt_image.png    519              8       182      G3       46.65      0.9911       34.82      0.9713
520_gt_image.png    520              9       180      G2       45.87      0.9921       33.73      0.9712
521_gt_image.png    521              0       371      G3       47.12      0.9909       33.08      0.9640
522_gt_image.png    522              1      1338      G5       41.12      0.9838       27.11      0.9373
523_gt_image.png    523              2       688      G4       43.93      0.9877       30.03      0.9508
524_gt_image.png    524              3        84      G1       46.67      0.9920       35.62      0.9714
525_gt_image.png    525              4       171      G2       48.68      0.9933       35.67      0.9765
526_gt_image.png    526              5        54      G1       47.83      0.9921       35.74      0.9741
527_gt_image.png    527              6      1329      G4       41.55      0.9861       28.38      0.9555
528_gt_image.png    528              7      3119      G5       38.53      0.9772       24.80      0.9233
529_gt_image.png    529              8       182      G3       47.72      0.9916       34.68      0.9693
530_gt_image.png    530              9       180      G2       47.78      0.9913       34.16      0.9669
531_gt_image.png    531              0       371      G3       44.61      0.9911       32.44      0.9684
532_gt_image.png    532              1      1338      G5       37.97      0.9811       26.65      0.9471
533_gt_image.png    533              2       688      G4       40.29      0.9870       28.27      0.9580
534_gt_image.png    534              3        84      G1       44.98      0.9898       32.93      0.9672
535_gt_image.png    535              4       171      G2       47.60      0.9936       34.83      0.9785
536_gt_image.png    536              5        54      G1       42.18      0.9918       32.93      0.9740
537_gt_image.png    537              6      1329      G4       42.72      0.9887       28.70      0.9604
538_gt_image.png    538              7      3119      G5       36.23      0.9747       23.75      0.9258
539_gt_image.png    539              8       182      G3       40.72      0.9874       30.79      0.9619
540_gt_image.png    540              9       180      G2       43.17      0.9877       31.90      0.9640
541_gt_image.png    541              0       371      G3       41.24      0.9894       30.09      0.9697
542_gt_image.png    542              1      1338      G5       35.71      0.9785       25.69      0.9503
543_gt_image.png    543              2       688      G4       40.46      0.9848       28.47      0.9616
544_gt_image.png    544              3        84      G1       45.54      0.9915       33.74      0.9738
545_gt_image.png    545              4       171      G2       46.95      0.9937       35.99      0.9805
546_gt_image.png    546              5        54      G1       45.15      0.9929       34.90      0.9785
547_gt_image.png    547              6      1329      G4       42.35      0.9883       30.31      0.9635
548_gt_image.png    548              7      3119      G5       38.05      0.9774       25.63      0.9307
549_gt_image.png    549              8       182      G3       44.95      0.9899       33.19      0.9713
550_gt_image.png    550              9       180      G2       44.79      0.9898       32.68      0.9705
551_gt_image.png    551              0       371      G3       41.28      0.9890       31.44      0.9735
552_gt_image.png    552              1      1338      G5       33.03      0.9745       26.34      0.9538
553_gt_image.png    553              2       688      G4       38.92      0.9819       28.01      0.9613
554_gt_image.png    554              3        84      G1       46.66      0.9920       34.57      0.9755
555_gt_image.png    555              4       171      G2       47.91      0.9933       36.17      0.9816
556_gt_image.png    556              5        54      G1       46.52      0.9926       34.78      0.9803
557_gt_image.png    557              6      1329      G4       40.47      0.9860       29.66      0.9651
558_gt_image.png    558              7      3119      G5       34.72      0.9713       24.87      0.9313
559_gt_image.png    559              8       182      G3       45.70      0.9906       33.18      0.9727
560_gt_image.png    560              9       180      G2       45.12      0.9894       32.48      0.9713
561_gt_image.png    561              0       371      G3       45.39      0.9921       31.87      0.9666
562_gt_image.png    562              1      1338      G5       37.07      0.9832       26.67      0.9480
563_gt_image.png    563              2       688      G4       41.45      0.9871       28.47      0.9570
564_gt_image.png    564              3        84      G1       45.99      0.9915       33.65      0.9700
565_gt_image.png    565              4       171      G2       47.85      0.9937       34.66      0.9766
566_gt_image.png    566              5        54      G1       45.02      0.9930       33.21      0.9745
567_gt_image.png    567              6      1329      G4       43.53      0.9896       29.51      0.9591
568_gt_image.png    568              7      3119      G5       37.10      0.9783       24.79      0.9240
569_gt_image.png    569              8       182      G3       44.24      0.9899       32.25      0.9648
570_gt_image.png    570              9       180      G2       44.53      0.9892       32.16      0.9644
571_gt_image.png    571              0       371      G3       40.55      0.9883       30.22      0.9734
572_gt_image.png    572              1      1338      G5       34.34      0.9734       26.64      0.9551
573_gt_image.png    573              2       688      G4       38.10      0.9804       28.06      0.9637
574_gt_image.png    574              3        84      G1       44.72      0.9914       33.16      0.9754
575_gt_image.png    575              4       171      G2       47.84      0.9938       35.68      0.9792
576_gt_image.png    576              5        54      G1       46.24      0.9925       34.39      0.9793
577_gt_image.png    577              6      1329      G4       37.43      0.9826       28.41      0.9625
578_gt_image.png    578              7      3119      G5       33.54      0.9666       24.29      0.9312
579_gt_image.png    579              8       182      G3       44.98      0.9906       32.34      0.9715
580_gt_image.png    580              9       180      G2       44.25      0.9895       31.79      0.9710
581_gt_image.png    581              0       371      G3       41.88      0.9885       32.62      0.9777
582_gt_image.png    582              1      1338      G5       35.94      0.9736       27.65      0.9608
583_gt_image.png    583              2       688      G4       37.55      0.9823       29.14      0.9687
584_gt_image.png    584              3        84      G1       46.31      0.9929       34.91      0.9799
585_gt_image.png    585              4       171      G2       47.30      0.9937       34.94      0.9801
586_gt_image.png    586              5        54      G1       47.27      0.9930       35.73      0.9820
587_gt_image.png    587              6      1329      G4       38.99      0.9849       28.61      0.9667
588_gt_image.png    588              7      3119      G5       34.27      0.9687       25.51      0.9411
589_gt_image.png    589              8       182      G3       45.18      0.9912       32.68      0.9742
590_gt_image.png    590              9       180      G2       45.02      0.9913       32.80      0.9743
591_gt_image.png    591              0       371      G3       44.46      0.9903       31.77      0.9721
592_gt_image.png    592              1      1338      G5       39.66      0.9820       26.81      0.9486
593_gt_image.png    593              2       688      G4       42.31      0.9863       28.90      0.9596
594_gt_image.png    594              3        84      G1       43.07      0.9898       34.70      0.9795
595_gt_image.png    595              4       171      G2       46.47      0.9909       36.19      0.9830
596_gt_image.png    596              5        54      G1       42.33      0.9920       34.76      0.9811
597_gt_image.png    597              6      1329      G4       37.36      0.9820       30.16      0.9654
598_gt_image.png    598              7      3119      G5       33.64      0.9660       27.47      0.9400
599_gt_image.png    599              8       182      G3       41.37      0.9877       34.03      0.9778
600_gt_image.png    600              9       180      G2       43.23      0.9876       34.87      0.9783
601_gt_image.png    601              0       371      G3       44.79      0.9900       34.02      0.9670
602_gt_image.png    602              1      1338      G5       40.57      0.9834       27.99      0.9440
603_gt_image.png    603              2       688      G4       40.52      0.9833       29.23      0.9507
604_gt_image.png    604              3        84      G1       45.99      0.9887       35.72      0.9712
605_gt_image.png    605              4       171      G2       46.51      0.9921       36.55      0.9783
606_gt_image.png    606              5        54      G1       48.51      0.9929       37.39      0.9781
607_gt_image.png    607              6      1329      G4       37.76      0.9839       31.62      0.9621
608_gt_image.png    608              7      3119      G5       36.02      0.9738       27.88      0.9350
609_gt_image.png    609              8       182      G3       45.08      0.9879       35.57      0.9732
610_gt_image.png    610              9       180      G2       44.06      0.9865       34.66      0.9701
611_gt_image.png    611              0       371      G3       39.27      0.9918       30.72      0.9761
612_gt_image.png    612              1      1338      G5       35.88      0.9844       27.03      0.9597
613_gt_image.png    613              2       688      G4       39.06      0.9877       28.70      0.9683
614_gt_image.png    614              3        84      G1       45.62      0.9936       34.03      0.9755
615_gt_image.png    615              4       171      G2       48.76      0.9953       36.52      0.9810
616_gt_image.png    616              5        54      G1       48.09      0.9952       36.06      0.9818
617_gt_image.png    617              6      1329      G4       35.30      0.9874       32.37      0.9747
618_gt_image.png    618              7      3119      G5       32.93      0.9788       30.54      0.9574
619_gt_image.png    619              8       182      G3       46.07      0.9933       33.35      0.9755
620_gt_image.png    620              9       180      G2       45.93      0.9927       33.03      0.9731
621_gt_image.png    621              0       371      G3       36.61      0.9888       32.47      0.9712
622_gt_image.png    622              1      1338      G5       32.44      0.9785       27.09      0.9434
623_gt_image.png    623              2       688      G4       30.13      0.9811       29.42      0.9601
624_gt_image.png    624              3        84      G1       46.83      0.9935       39.34      0.9768
625_gt_image.png    625              4       171      G2       49.77      0.9946       40.40      0.9816
626_gt_image.png    626              5        54      G1       45.95      0.9934       39.29      0.9771
627_gt_image.png    627              6      1329      G4       42.74      0.9885       32.10      0.9662
628_gt_image.png    628              7      3119      G5       42.77      0.9832       30.12      0.9460
629_gt_image.png    629              8       182      G3       49.37      0.9935       38.41      0.9748
630_gt_image.png    630              9       180      G2       46.90      0.9930       38.71      0.9750
631_gt_image.png    631              0       371      G3       38.99      0.9857       31.55      0.9772
632_gt_image.png    632              1      1338      G5       31.87      0.9701       26.83      0.9548
633_gt_image.png    633              2       688      G4       37.46      0.9801       29.00      0.9672
634_gt_image.png    634              3        84      G1       46.82      0.9907       37.25      0.9798
635_gt_image.png    635              4       171      G2       45.56      0.9924       37.57      0.9837
636_gt_image.png    636              5        54      G1       48.12      0.9919       38.76      0.9820
637_gt_image.png    637              6      1329      G4       37.50      0.9793       32.39      0.9774
638_gt_image.png    638              7      3119      G5       34.35      0.9671       27.67      0.9547
639_gt_image.png    639              8       182      G3       44.02      0.9881       32.65      0.9731
640_gt_image.png    640              9       180      G2       43.62      0.9875       33.42      0.9745
641_gt_image.png    641              0       371      G3       40.47      0.9866       32.00      0.9776
642_gt_image.png    642              1      1338      G5       33.91      0.9726       27.13      0.9562
643_gt_image.png    643              2       688      G4       36.99      0.9787       29.25      0.9699
644_gt_image.png    644              3        84      G1       43.52      0.9923       38.06      0.9799
645_gt_image.png    645              4       171      G2       40.21      0.9925       36.35      0.9833
646_gt_image.png    646              5        54      G1       42.55      0.9936       39.40      0.9827
647_gt_image.png    647              6      1329      G4       34.71      0.9825       31.09      0.9758
648_gt_image.png    648              7      3119      G5       31.79      0.9667       28.15      0.9591
649_gt_image.png    649              8       182      G3       44.08      0.9914       34.01      0.9776
650_gt_image.png    650              9       180      G2       41.06      0.9900       32.52      0.9747
651_gt_image.png    651              0       371      G3       40.75      0.9882       29.83      0.9692
652_gt_image.png    652              1      1338      G5       35.10      0.9766       24.59      0.9464
653_gt_image.png    653              2       688      G4       38.50      0.9857       28.60      0.9636
654_gt_image.png    654              3        84      G1       44.36      0.9907       32.34      0.9727
655_gt_image.png    655              4       171      G2       46.26      0.9932       33.97      0.9801
656_gt_image.png    656              5        54      G1       45.78      0.9929       34.05      0.9782
657_gt_image.png    657              6      1329      G4       39.87      0.9865       28.47      0.9614
658_gt_image.png    658              7      3119      G5       34.32      0.9734       23.09      0.9256
659_gt_image.png    659              8       182      G3       43.18      0.9887       31.11      0.9682
660_gt_image.png    660              9       180      G2       42.89      0.9872       31.50      0.9711
661_gt_image.png    661              0       371      G3       37.96      0.9879       32.36      0.9797
662_gt_image.png    662              1      1338      G5       31.62      0.9740       25.00      0.9630
663_gt_image.png    663              2       688      G4       36.23      0.9836       30.32      0.9758
664_gt_image.png    664              3        84      G1       43.68      0.9912       37.90      0.9859
665_gt_image.png    665              4       171      G2       43.18      0.9923       37.11      0.9857
666_gt_image.png    666              5        54      G1       43.17      0.9930       37.87      0.9867
667_gt_image.png    667              6      1329      G4       40.81      0.9865       35.79      0.9834
668_gt_image.png    668              7      3119      G5       33.24      0.9724       30.36      0.9657
669_gt_image.png    669              8       182      G3       39.89      0.9887       32.43      0.9813
670_gt_image.png    670              9       180      G2       38.79      0.9871       33.21      0.9803
671_gt_image.png    671              0       371      G3       38.39      0.9893       31.24      0.9844
672_gt_image.png    672              1      1338      G5       33.25      0.9785       26.99      0.9715
673_gt_image.png    673              2       688      G4       36.95      0.9848       30.05      0.9789
674_gt_image.png    674              3        84      G1       42.54      0.9922       37.49      0.9897
675_gt_image.png    675              4       171      G2       44.20      0.9938       36.27      0.9897
676_gt_image.png    676              5        54      G1       44.00      0.9938       38.98      0.9910
677_gt_image.png    677              6      1329      G4       35.33      0.9856       33.45      0.9848
678_gt_image.png    678              7      3119      G5       32.38      0.9731       29.44      0.9702
679_gt_image.png    679              8       182      G3       43.20      0.9921       35.51      0.9879
680_gt_image.png    680              9       180      G2       40.58      0.9899       35.18      0.9864
681_gt_image.png    681              0       371      G3       41.84      0.9884       31.03      0.9713
682_gt_image.png    682              1      1338      G5       34.54      0.9757       24.02      0.9496
683_gt_image.png    683              2       688      G4       38.80      0.9844       29.51      0.9652
684_gt_image.png    684              3        84      G1       43.14      0.9900       33.03      0.9735
685_gt_image.png    685              4       171      G2       42.94      0.9923       32.71      0.9761
686_gt_image.png    686              5        54      G1       44.05      0.9920       33.80      0.9790
687_gt_image.png    687              6      1329      G4       42.81      0.9864       33.15      0.9740
688_gt_image.png    688              7      3119      G5       33.49      0.9741       26.13      0.9467
689_gt_image.png    689              8       182      G3       42.83      0.9890       32.30      0.9699
690_gt_image.png    690              9       180      G2       43.58      0.9887       31.28      0.9696
691_gt_image.png    691              0       371      G3       45.55      0.9882       32.33      0.9624
692_gt_image.png    692              1      1338      G5       39.61      0.9800       27.17      0.9378
693_gt_image.png    693              2       688      G4       41.45      0.9838       28.54      0.9489
694_gt_image.png    694              3        84      G1       45.91      0.9889       32.87      0.9646
695_gt_image.png    695              4       171      G2       46.05      0.9904       32.89      0.9738
696_gt_image.png    696              5        54      G1       45.87      0.9900       33.43      0.9728
697_gt_image.png    697              6      1329      G4       36.01      0.9792       26.65      0.9509
698_gt_image.png    698              7      3119      G5       33.38      0.9665       23.36      0.9120
699_gt_image.png    699              8       182      G3       42.99      0.9852       30.37      0.9592
700_gt_image.png    700              9       180      G2       43.85      0.9860       30.71      0.9593
701_gt_image.png    701              0       371      G3       37.98      0.9865       32.71      0.9774
702_gt_image.png    702              1      1338      G5       34.62      0.9765       27.74      0.9570
703_gt_image.png    703              2       688      G4       35.27      0.9799       28.42      0.9645
704_gt_image.png    704              3        84      G1       40.92      0.9890       35.64      0.9834
705_gt_image.png    705              4       171      G2       43.13      0.9917       37.94      0.9882
706_gt_image.png    706              5        54      G1       41.61      0.9910       36.08      0.9823
707_gt_image.png    707              6      1329      G4       33.82      0.9796       32.43      0.9751
708_gt_image.png    708              7      3119      G5       34.10      0.9663       29.64      0.9625
709_gt_image.png    709              8       182      G3       41.37      0.9895       35.24      0.9805
710_gt_image.png    710              9       180      G2       38.10      0.9869       34.72      0.9808
711_gt_image.png    711              0       371      G3       42.49      0.9905       32.51      0.9779
712_gt_image.png    712              1      1338      G5       32.56      0.9774       25.67      0.9574
713_gt_image.png    713              2       688      G4       39.11      0.9847       28.80      0.9687
714_gt_image.png    714              3        84      G1       46.52      0.9920       36.19      0.9816
715_gt_image.png    715              4       171      G2       47.50      0.9935       37.39      0.9850
716_gt_image.png    716              5        54      G1       47.09      0.9933       35.44      0.9812
717_gt_image.png    717              6      1329      G4       39.97      0.9841       31.82      0.9776
718_gt_image.png    718              7      3119      G5       37.49      0.9731       29.04      0.9627
719_gt_image.png    719              8       182      G3       39.84      0.9892       33.72      0.9781
720_gt_image.png    720              9       180      G2       38.39      0.9881       33.11      0.9773
721_gt_image.png    721              0       371      G3       39.36      0.9886       30.46      0.9622
722_gt_image.png    722              1      1338      G5       34.76      0.9781       27.63      0.9337
723_gt_image.png    723              2       688      G4       36.93      0.9843       29.32      0.9487
724_gt_image.png    724              3        84      G1       47.85      0.9918       37.61      0.9668
725_gt_image.png    725              4       171      G2       43.29      0.9924       38.60      0.9738
726_gt_image.png    726              5        54      G1       47.11      0.9917       37.13      0.9676
727_gt_image.png    727              6      1329      G4       42.33      0.9873       30.66      0.9541
728_gt_image.png    728              7      3119      G5       41.91      0.9806       29.04      0.9253
729_gt_image.png    729              8       182      G3       45.91      0.9908       36.14      0.9626
730_gt_image.png    730              9       180      G2       43.52      0.9907       36.70      0.9633
731_gt_image.png    731              0       371      G3       29.33      0.9837       31.27      0.9625
732_gt_image.png    732              1      1338      G5       33.27      0.9755       27.83      0.9304
733_gt_image.png    733              2       688      G4       41.28      0.9828       29.88      0.9482
734_gt_image.png    734              3        84      G1       46.30      0.9905       37.11      0.9674
735_gt_image.png    735              4       171      G2       44.67      0.9917       38.42      0.9737
736_gt_image.png    736              5        54      G1       46.47      0.9905       36.92      0.9679
737_gt_image.png    737              6      1329      G4       43.01      0.9858       30.35      0.9551
738_gt_image.png    738              7      3119      G5       41.23      0.9786       28.66      0.9255
739_gt_image.png    739              8       182      G3       47.10      0.9898       36.29      0.9642
740_gt_image.png    740              9       180      G2       43.83      0.9897       36.44      0.9633
741_gt_image.png    741              0       371      G3       37.96      0.9879       30.14      0.9644
742_gt_image.png    742              1      1338      G5       35.21      0.9779       27.40      0.9371
743_gt_image.png    743              2       688      G4       35.46      0.9824       28.83      0.9521
744_gt_image.png    744              3        84      G1       48.51      0.9919       37.60      0.9684
745_gt_image.png    745              4       171      G2       49.22      0.9928       38.59      0.9739
746_gt_image.png    746              5        54      G1       48.32      0.9920       37.44      0.9688
747_gt_image.png    747              6      1329      G4       41.94      0.9865       30.91      0.9578
748_gt_image.png    748              7      3119      G5       41.33      0.9805       29.06      0.9289
749_gt_image.png    749              8       182      G3       46.92      0.9908       36.50      0.9647
750_gt_image.png    750              9       180      G2       47.75      0.9912       36.26      0.9647
751_gt_image.png    751              0       371      G3       40.49      0.9891       30.25      0.9615
752_gt_image.png    752              1      1338      G5       32.59      0.9809       28.51      0.9333
753_gt_image.png    753              2       688      G4       40.07      0.9860       29.67      0.9490
754_gt_image.png    754              3        84      G1       44.73      0.9922       37.16      0.9679
755_gt_image.png    755              4       171      G2       46.17      0.9931       38.17      0.9732
756_gt_image.png    756              5        54      G1       46.25      0.9925       37.10      0.9695
757_gt_image.png    757              6      1329      G4       39.34      0.9872       31.13      0.9531
758_gt_image.png    758              7      3119      G5       38.94      0.9820       29.19      0.9241
759_gt_image.png    759              8       182      G3       46.40      0.9920       36.42      0.9651
760_gt_image.png    760              9       180      G2       42.17      0.9913       36.31      0.9635
761_gt_image.png    761              0       371      G3       42.15      0.9892       30.61      0.9617
762_gt_image.png    762              1      1338      G5       33.17      0.9802       27.59      0.9359
763_gt_image.png    763              2       688      G4       35.57      0.9845       29.58      0.9493
764_gt_image.png    764              3        84      G1       47.06      0.9910       35.90      0.9653
765_gt_image.png    765              4       171      G2       48.13      0.9927       37.80      0.9725
766_gt_image.png    766              5        54      G1       45.55      0.9912       34.99      0.9676
767_gt_image.png    767              6      1329      G4       42.33      0.9868       29.97      0.9539
768_gt_image.png    768              7      3119      G5       41.16      0.9807       28.34      0.9240
769_gt_image.png    769              8       182      G3       44.91      0.9897       33.71      0.9625
770_gt_image.png    770              9       180      G2       45.96      0.9895       34.19      0.9624
771_gt_image.png    771              0       371      G3       38.17      0.9895       31.82      0.9690
772_gt_image.png    772              1      1338      G5       34.63      0.9790       27.21      0.9437
773_gt_image.png    773              2       688      G4       33.16      0.9828       29.00      0.9579
774_gt_image.png    774              3        84      G1       48.35      0.9932       37.85      0.9707
775_gt_image.png    775              4       171      G2       49.54      0.9943       38.90      0.9765
776_gt_image.png    776              5        54      G1       46.98      0.9930       37.50      0.9718
777_gt_image.png    777              6      1329      G4       38.01      0.9860       31.66      0.9646
778_gt_image.png    778              7      3119      G5       36.76      0.9791       29.12      0.9379
779_gt_image.png    779              8       182      G3       45.18      0.9920       36.61      0.9667
780_gt_image.png    780              9       180      G2       43.67      0.9915       36.13      0.9664
781_gt_image.png    781              0       371      G3       36.00      0.9872       30.64      0.9625
782_gt_image.png    782              1      1338      G5       34.80      0.9801       27.87      0.9352
783_gt_image.png    783              2       688      G4       40.98      0.9857       29.14      0.9508
784_gt_image.png    784              3        84      G1       42.59      0.9908       36.18      0.9657
785_gt_image.png    785              4       171      G2       41.49      0.9925       37.98      0.9733
786_gt_image.png    786              5        54      G1       45.29      0.9913       35.86      0.9684
787_gt_image.png    787              6      1329      G4       43.58      0.9879       30.07      0.9528
788_gt_image.png    788              7      3119      G5       40.35      0.9808       28.50      0.9237
789_gt_image.png    789              8       182      G3       43.81      0.9898       33.91      0.9616
790_gt_image.png    790              9       180      G2       43.50      0.9898       33.70      0.9608
791_gt_image.png    791              0       371      G3       42.42      0.9902       32.61      0.9637
792_gt_image.png    792              1      1338      G5       38.90      0.9835       28.69      0.9381
793_gt_image.png    793              2       688      G4       36.44      0.9848       29.99      0.9521
794_gt_image.png    794              3        84      G1       48.32      0.9922       35.86      0.9666
795_gt_image.png    795              4       171      G2       48.85      0.9938       37.55      0.9734
796_gt_image.png    796              5        54      G1       48.31      0.9926       35.81      0.9686
797_gt_image.png    797              6      1329      G4       43.10      0.9882       30.39      0.9560
798_gt_image.png    798              7      3119      G5       42.48      0.9832       28.58      0.9290
799_gt_image.png    799              8       182      G3       46.27      0.9907       33.78      0.9627
800_gt_image.png    800              9       180      G2       46.65      0.9908       33.73      0.9621
801_gt_image.png    801              0       371      G3       37.24      0.9873       32.74      0.9631
802_gt_image.png    802              1      1338      G5       34.68      0.9801       29.38      0.9363
803_gt_image.png    803              2       688      G4       35.11      0.9828       30.07      0.9495
804_gt_image.png    804              3        84      G1       41.23      0.9908       36.25      0.9672
805_gt_image.png    805              4       171      G2       43.23      0.9925       37.86      0.9733
806_gt_image.png    806              5        54      G1       41.58      0.9910       36.24      0.9693
807_gt_image.png    807              6      1329      G4       40.00      0.9874       30.54      0.9552
808_gt_image.png    808              7      3119      G5       36.74      0.9790       28.47      0.9243
809_gt_image.png    809              8       182      G3       39.03      0.9894       34.83      0.9629
810_gt_image.png    810              9       180      G2       39.59      0.9899       35.25      0.9631
811_gt_image.png    811              0       371      G3       34.32      0.9868       30.86      0.9625
812_gt_image.png    812              1      1338      G5       40.23      0.9822       29.04      0.9365
813_gt_image.png    813              2       688      G4       38.17      0.9855       30.47      0.9525
814_gt_image.png    814              3        84      G1       44.96      0.9918       36.97      0.9674
815_gt_image.png    815              4       171      G2       40.54      0.9925       38.04      0.9734
816_gt_image.png    816              5        54      G1       47.95      0.9919       36.35      0.9689
817_gt_image.png    817              6      1329      G4       44.59      0.9878       32.02      0.9540
818_gt_image.png    818              7      3119      G5       38.18      0.9805       29.72      0.9250
819_gt_image.png    819              8       182      G3       47.83      0.9910       35.65      0.9641
820_gt_image.png    820              9       180      G2       46.02      0.9911       36.26      0.9630
821_gt_image.png    821              0       371      G3       39.35      0.9898       31.50      0.9776
822_gt_image.png    822              1      1338      G5       32.98      0.9783       26.70      0.9511
823_gt_image.png    823              2       688      G4       36.14      0.9836       28.48      0.9643
824_gt_image.png    824              3        84      G1       48.79      0.9937       38.37      0.9780
825_gt_image.png    825              4       171      G2       48.78      0.9942       38.63      0.9827
826_gt_image.png    826              5        54      G1       46.83      0.9935       38.00      0.9790
827_gt_image.png    827              6      1329      G4       42.02      0.9893       30.36      0.9706
828_gt_image.png    828              7      3119      G5       41.29      0.9835       28.78      0.9492
829_gt_image.png    829              8       182      G3       44.31      0.9926       37.16      0.9754
830_gt_image.png    830              9       180      G2       46.64      0.9927       36.69      0.9743
831_gt_image.png    831              0       371      G3       35.18      0.9874       31.90      0.9749
832_gt_image.png    832              1      1338      G5       31.46      0.9768       26.01      0.9468
833_gt_image.png    833              2       688      G4       38.02      0.9843       29.24      0.9623
834_gt_image.png    834              3        84      G1       48.07      0.9923       38.05      0.9761
835_gt_image.png    835              4       171      G2       46.93      0.9929       38.81      0.9821
836_gt_image.png    836              5        54      G1       44.14      0.9917       37.23      0.9776
837_gt_image.png    837              6      1329      G4       42.72      0.9890       31.96      0.9697
838_gt_image.png    838              7      3119      G5       41.99      0.9826       29.97      0.9467
839_gt_image.png    839              8       182      G3       44.76      0.9912       36.43      0.9732
840_gt_image.png    840              9       180      G2       44.47      0.9914       36.90      0.9745
841_gt_image.png    841              0       371      G3       31.78      0.9863       30.08      0.9699
842_gt_image.png    842              1      1338      G5       33.67      0.9784       25.91      0.9454
843_gt_image.png    843              2       688      G4       37.66      0.9850       29.18      0.9613
844_gt_image.png    844              3        84      G1       40.61      0.9926       36.87      0.9761
845_gt_image.png    845              4       171      G2       46.19      0.9935       38.68      0.9811
846_gt_image.png    846              5        54      G1       41.61      0.9925       35.72      0.9775
847_gt_image.png    847              6      1329      G4       40.60      0.9890       31.47      0.9660
848_gt_image.png    848              7      3119      G5       41.36      0.9830       29.66      0.9429
849_gt_image.png    849              8       182      G3       42.14      0.9919       34.82      0.9743
850_gt_image.png    850              9       180      G2       40.28      0.9923       36.37      0.9745
851_gt_image.png    851              0       371      G3       40.63      0.9888       29.81      0.9715
852_gt_image.png    852              1      1338      G5       37.58      0.9808       26.36      0.9490
853_gt_image.png    853              2       688      G4       39.65      0.9852       29.89      0.9635
854_gt_image.png    854              3        84      G1       47.77      0.9927       36.30      0.9768
855_gt_image.png    855              4       171      G2       48.58      0.9939       38.11      0.9818
856_gt_image.png    856              5        54      G1       46.84      0.9927       35.97      0.9786
857_gt_image.png    857              6      1329      G4       42.08      0.9886       29.63      0.9654
858_gt_image.png    858              7      3119      G5       37.95      0.9817       27.62      0.9403
859_gt_image.png    859              8       182      G3       44.52      0.9911       34.23      0.9731
860_gt_image.png    860              9       180      G2       46.98      0.9918       34.80      0.9742
861_gt_image.png    861              0       371      G3       34.84      0.9895       32.00      0.9731
862_gt_image.png    862              1      1338      G5       38.56      0.9830       26.28      0.9503
863_gt_image.png    863              2       688      G4       40.07      0.9880       30.58      0.9655
864_gt_image.png    864              3        84      G1       42.75      0.9934       36.31      0.9777
865_gt_image.png    865              4       171      G2       45.39      0.9941       37.07      0.9822
866_gt_image.png    866              5        54      G1       46.82      0.9943       37.50      0.9813
867_gt_image.png    867              6      1329      G4       38.84      0.9888       29.09      0.9648
868_gt_image.png    868              7      3119      G5       38.94      0.9822       27.32      0.9399
869_gt_image.png    869              8       182      G3       48.66      0.9936       36.11      0.9768
870_gt_image.png    870              9       180      G2       42.39      0.9929       35.45      0.9763
871_gt_image.png    871              0       371      G3       42.68      0.9902       32.06      0.9716
872_gt_image.png    872              1      1338      G5       38.63      0.9821       26.89      0.9488
873_gt_image.png    873              2       688      G4       39.85      0.9858       29.77      0.9620
874_gt_image.png    874              3        84      G1       46.61      0.9925       35.72      0.9755
875_gt_image.png    875              4       171      G2       46.98      0.9938       38.26      0.9824
876_gt_image.png    876              5        54      G1       44.23      0.9928       36.30      0.9785
877_gt_image.png    877              6      1329      G4       43.31      0.9885       29.53      0.9640
878_gt_image.png    878              7      3119      G5       40.96      0.9820       27.77      0.9390
879_gt_image.png    879              8       182      G3       45.13      0.9919       34.93      0.9740
880_gt_image.png    880              9       180      G2       44.87      0.9919       34.85      0.9746
881_gt_image.png    881              0       371      G3       31.68      0.9872       33.22      0.9763
882_gt_image.png    882              1      1338      G5       36.43      0.9822       26.77      0.9547
883_gt_image.png    883              2       688      G4       32.98      0.9851       30.57      0.9694
884_gt_image.png    884              3        84      G1       47.72      0.9930       35.67      0.9782
885_gt_image.png    885              4       171      G2       47.43      0.9937       36.38      0.9829
886_gt_image.png    886              5        54      G1       47.38      0.9933       34.98      0.9812
887_gt_image.png    887              6      1329      G4       40.86      0.9877       27.08      0.9651
888_gt_image.png    888              7      3119      G5       39.42      0.9795       25.45      0.9401
889_gt_image.png    889              8       182      G3       44.09      0.9926       34.65      0.9776
890_gt_image.png    890              9       180      G2       44.73      0.9920       33.55      0.9755
891_gt_image.png    891              0       371      G3       42.17      0.9905       31.55      0.9726
892_gt_image.png    892              1      1338      G5       36.30      0.9815       26.96      0.9510
893_gt_image.png    893              2       688      G4       42.85      0.9885       30.52      0.9663
894_gt_image.png    894              3        84      G1       48.35      0.9932       36.40      0.9788
895_gt_image.png    895              4       171      G2       48.60      0.9937       37.03      0.9827
896_gt_image.png    896              5        54      G1       44.38      0.9932       36.21      0.9817
897_gt_image.png    897              6      1329      G4       42.22      0.9881       28.85      0.9649
898_gt_image.png    898              7      3119      G5       40.20      0.9808       27.18      0.9398
899_gt_image.png    899              8       182      G3       45.20      0.9929       36.26      0.9785
900_gt_image.png    900              9       180      G2       46.20      0.9924       34.74      0.9769
901_gt_image.png    901              0       371      G3       34.94      0.9875       30.24      0.9707
902_gt_image.png    902              1      1338      G5       31.65      0.9753       25.92      0.9436
903_gt_image.png    903              2       688      G4       39.09      0.9845       30.31      0.9618
904_gt_image.png    904              3        84      G1       47.44      0.9924       37.26      0.9743
905_gt_image.png    905              4       171      G2       49.09      0.9935       38.82      0.9806
906_gt_image.png    906              5        54      G1       48.48      0.9927       37.09      0.9768
907_gt_image.png    907              6      1329      G4       44.96      0.9897       32.70      0.9676
908_gt_image.png    908              7      3119      G5       42.44      0.9832       30.73      0.9437
909_gt_image.png    909              8       182      G3       47.96      0.9922       36.63      0.9737
910_gt_image.png    910              9       180      G2       48.17      0.9922       36.67      0.9730
911_gt_image.png    911              0       371      G3       36.95      0.9896       32.69      0.9753
912_gt_image.png    912              1      1338      G5       33.54      0.9796       26.32      0.9524
913_gt_image.png    913              2       688      G4       35.52      0.9857       29.71      0.9659
914_gt_image.png    914              3        84      G1       47.44      0.9921       35.42      0.9762
915_gt_image.png    915              4       171      G2       48.70      0.9936       37.34      0.9829
916_gt_image.png    916              5        54      G1       47.46      0.9929       35.61      0.9802
917_gt_image.png    917              6      1329      G4       40.39      0.9867       27.61      0.9655
918_gt_image.png    918              7      3119      G5       37.65      0.9785       26.11      0.9410
919_gt_image.png    919              8       182      G3       47.20      0.9920       34.98      0.9765
920_gt_image.png    920              9       180      G2       45.20      0.9912       33.95      0.9750
921_gt_image.png    921              0       371      G3       36.72      0.9874       31.13      0.9530
922_gt_image.png    922              1      1338      G5       36.56      0.9781       25.85      0.9258
923_gt_image.png    923              2       688      G4       39.98      0.9832       28.43      0.9401
924_gt_image.png    924              3        84      G1       46.54      0.9911       35.32      0.9616
925_gt_image.png    925              4       171      G2       45.27      0.9919       33.81      0.9653
926_gt_image.png    926              5        54      G1       44.95      0.9914       35.03      0.9655
927_gt_image.png    927              6      1329      G4       33.41      0.9829       29.76      0.9448
928_gt_image.png    928              7      3119      G5       32.49      0.9732       26.29      0.9119
929_gt_image.png    929              8       182      G3       42.56      0.9886       31.82      0.9580
930_gt_image.png    930              9       180      G2       43.51      0.9899       33.51      0.9590
931_gt_image.png    931              0       371      G3       42.84      0.9897       32.00      0.9565
932_gt_image.png    932              1      1338      G5       37.27      0.9808       26.38      0.9320
933_gt_image.png    933              2       688      G4       39.18      0.9847       27.85      0.9430
934_gt_image.png    934              3        84      G1       44.02      0.9914       34.98      0.9621
935_gt_image.png    935              4       171      G2       42.50      0.9925       35.28      0.9666
936_gt_image.png    936              5        54      G1       45.72      0.9923       35.48      0.9659
937_gt_image.png    937              6      1329      G4       36.05      0.9838       28.73      0.9450
938_gt_image.png    938              7      3119      G5       33.92      0.9732       25.73      0.9114
939_gt_image.png    939              8       182      G3       42.83      0.9903       32.80      0.9588
940_gt_image.png    940              9       180      G2       42.86      0.9911       34.49      0.9597
941_gt_image.png    941              0       371      G3       42.17      0.9889       31.07      0.9562
942_gt_image.png    942              1      1338      G5       38.05      0.9807       26.58      0.9325
943_gt_image.png    943              2       688      G4       38.11      0.9849       28.24      0.9441
944_gt_image.png    944              3        84      G1       36.82      0.9906       34.54      0.9615
945_gt_image.png    945              4       171      G2       39.25      0.9922       35.57      0.9665
946_gt_image.png    946              5        54      G1       44.94      0.9919       35.76      0.9667
947_gt_image.png    947              6      1329      G4       36.05      0.9842       27.74      0.9456
948_gt_image.png    948              7      3119      G5       34.55      0.9753       25.61      0.9147
949_gt_image.png    949              8       182      G3       43.87      0.9906       33.76      0.9597
950_gt_image.png    950              9       180      G2       36.57      0.9910       35.22      0.9598
951_gt_image.png    951              0       371      G3       44.62      0.9901       33.50      0.9729
952_gt_image.png    952              1      1338      G5       34.46      0.9752       25.76      0.9532
953_gt_image.png    953              2       688      G4       40.26      0.9837       29.83      0.9670
954_gt_image.png    954              3        84      G1       46.79      0.9922       36.61      0.9817
955_gt_image.png    955              4       171      G2       46.23      0.9936       35.29      0.9813
956_gt_image.png    956              5        54      G1       45.60      0.9931       36.73      0.9834
957_gt_image.png    957              6      1329      G4       38.17      0.9854       30.62      0.9718
958_gt_image.png    958              7      3119      G5       34.36      0.9722       27.47      0.9501
959_gt_image.png    959              8       182      G3       44.15      0.9916       35.59      0.9790
960_gt_image.png    960              9       180      G2       45.09      0.9916       34.13      0.9779
961_gt_image.png    961              0       371      G3       42.81      0.9842       32.78      0.9611
962_gt_image.png    962              1      1338      G5       38.53      0.9686       27.47      0.9438
963_gt_image.png    963              2       688      G4       40.91      0.9803       29.97      0.9578
964_gt_image.png    964              3        84      G1       45.74      0.9913       34.01      0.9691
965_gt_image.png    965              4       171      G2       43.83      0.9921       32.34      0.9754
966_gt_image.png    966              5        54      G1       46.09      0.9929       35.51      0.9755
967_gt_image.png    967              6      1329      G4       39.37      0.9822       26.96      0.9546
968_gt_image.png    968              7      3119      G5       36.94      0.9727       24.05      0.9150
969_gt_image.png    969              8       182      G3       42.83      0.9899       32.50      0.9663
970_gt_image.png    970              9       180      G2       43.45      0.9899       32.62      0.9644
971_gt_image.png    971              0       371      G3       28.69      0.9825       31.90      0.9685
972_gt_image.png    972              1      1338      G5       27.63      0.9723       26.64      0.9435
973_gt_image.png    973              2       688      G4       32.90      0.9818       29.47      0.9584
974_gt_image.png    974              3        84      G1       46.69      0.9924       37.26      0.9721
975_gt_image.png    975              4       171      G2       43.51      0.9925       38.89      0.9766
976_gt_image.png    976              5        54      G1       44.20      0.9926       37.15      0.9754
977_gt_image.png    977              6      1329      G4       40.31      0.9861       30.79      0.9629
978_gt_image.png    978              7      3119      G5       36.44      0.9779       28.02      0.9379
979_gt_image.png    979              8       182      G3       42.30      0.9914       35.52      0.9688
980_gt_image.png    980              9       180      G2       47.32      0.9920       37.03      0.9691
981_gt_image.png    981              0       371      G3       33.09      0.9872       33.78      0.9716
982_gt_image.png    982              1      1338      G5       28.42      0.9730       28.09      0.9473
983_gt_image.png    983              2       688      G4       37.63      0.9842       30.14      0.9614
984_gt_image.png    984              3        84      G1       45.14      0.9901       35.56      0.9705
985_gt_image.png    985              4       171      G2       47.38      0.9929       38.40      0.9785
986_gt_image.png    986              5        54      G1       44.47      0.9913       34.84      0.9757
987_gt_image.png    987              6      1329      G4       43.93      0.9871       31.03      0.9623
988_gt_image.png    988              7      3119      G5       39.53      0.9755       26.08      0.9310
989_gt_image.png    989              8       182      G3       44.19      0.9898       33.64      0.9702
990_gt_image.png    990              9       180      G2       44.19      0.9896       33.77      0.9693
991_gt_image.png    991              0       371      G3       45.32      0.9919       34.52      0.9698
992_gt_image.png    992              1      1338      G5       25.54      0.9741       29.44      0.9504
993_gt_image.png    993              2       688      G4       37.64      0.9875       30.26      0.9598
994_gt_image.png    994              3        84      G1       45.55      0.9926       36.86      0.9706
995_gt_image.png    995              4       171      G2       49.79      0.9942       38.63      0.9778
996_gt_image.png    996              5        54      G1       47.89      0.9931       37.07      0.9748
997_gt_image.png    997              6      1329      G4       39.33      0.9891       30.05      0.9610
998_gt_image.png    998              7      3119      G5       39.17      0.9804       27.67      0.9346
999_gt_image.png    999              8       182      G3       47.28      0.9918       34.69      0.9684
1000_gt_image.png   1000             9       180      G2       46.95      0.9919       35.28      0.9675
1001_gt_image.png   1001             0       371      G3       37.74      0.9907       34.78      0.9659
1002_gt_image.png   1002             1      1338      G5       28.85      0.9794       28.96      0.9438
1003_gt_image.png   1003             2       688      G4       32.63      0.9847       30.48      0.9546
1004_gt_image.png   1004             3        84      G1       45.22      0.9919       36.53      0.9677
1005_gt_image.png   1005             4       171      G2       44.02      0.9930       37.13      0.9733
1006_gt_image.png   1006             5        54      G1       47.70      0.9926       36.98      0.9717
1007_gt_image.png   1007             6      1329      G4       42.61      0.9882       30.23      0.9567
1008_gt_image.png   1008             7      3119      G5       39.97      0.9787       27.07      0.9280
1009_gt_image.png   1009             8       182      G3       44.92      0.9904       34.08      0.9640
1010_gt_image.png   1010             9       180      G2       41.29      0.9901       33.86      0.9618
1011_gt_image.png   1011             0       371      G3       34.90      0.9856       32.29      0.9530
1012_gt_image.png   1012             1      1338      G5       23.36      0.9608       27.54      0.9272
1013_gt_image.png   1013             2       688      G4       36.31      0.9847       31.22      0.9454
1014_gt_image.png   1014             3        84      G1       36.44      0.9881       35.70      0.9583
1015_gt_image.png   1015             4       171      G2       37.46      0.9890       37.03      0.9653
1016_gt_image.png   1016             5        54      G1       37.41      0.9888       36.14      0.9620
1017_gt_image.png   1017             6      1329      G4       40.10      0.9859       32.31      0.9470
1018_gt_image.png   1018             7      3119      G5       40.49      0.9800       28.84      0.9149
1019_gt_image.png   1019             8       182      G3       37.55      0.9867       33.42      0.9551
1020_gt_image.png   1020             9       180      G2       36.53      0.9867       34.13      0.9547
1021_gt_image.png   1021             0       371      G3       35.96      0.9876       31.28      0.9561
1022_gt_image.png   1022             1      1338      G5       36.47      0.9800       27.17      0.9272
1023_gt_image.png   1023             2       688      G4       35.81      0.9838       30.56      0.9439
1024_gt_image.png   1024             3        84      G1       40.74      0.9900       35.80      0.9589
1025_gt_image.png   1025             4       171      G2       38.83      0.9905       37.44      0.9654
1026_gt_image.png   1026             5        54      G1       41.43      0.9906       35.53      0.9634
1027_gt_image.png   1027             6      1329      G4       37.77      0.9868       33.12      0.9502
1028_gt_image.png   1028             7      3119      G5       37.68      0.9815       28.26      0.9152
1029_gt_image.png   1029             8       182      G3       40.54      0.9890       33.62      0.9563
1030_gt_image.png   1030             9       180      G2       39.62      0.9895       34.95      0.9575
1031_gt_image.png   1031             0       371      G3       38.80      0.9853       31.61      0.9650
1032_gt_image.png   1032             1      1338      G5       34.59      0.9757       27.69      0.9446
1033_gt_image.png   1033             2       688      G4       36.69      0.9795       29.19      0.9541
1034_gt_image.png   1034             3        84      G1       44.49      0.9884       35.30      0.9680
1035_gt_image.png   1035             4       171      G2       41.89      0.9892       35.96      0.9708
1036_gt_image.png   1036             5        54      G1       44.73      0.9891       33.76      0.9675
1037_gt_image.png   1037             6      1329      G4       35.33      0.9793       31.46      0.9627
1038_gt_image.png   1038             7      3119      G5       32.71      0.9650       26.62      0.9402
1039_gt_image.png   1039             8       182      G3       43.98      0.9879       33.55      0.9648
1040_gt_image.png   1040             9       180      G2       43.73      0.9874       33.79      0.9649
1041_gt_image.png   1041             0       371      G3       39.94      0.9862       31.73      0.9642
1042_gt_image.png   1042             1      1338      G5       34.07      0.9742       26.83      0.9406
1043_gt_image.png   1043             2       688      G4       37.18      0.9797       28.93      0.9514
1044_gt_image.png   1044             3        84      G1       43.88      0.9887       34.98      0.9676
1045_gt_image.png   1045             4       171      G2       42.75      0.9898       35.58      0.9712
1046_gt_image.png   1046             5        54      G1       45.20      0.9905       34.58      0.9703
1047_gt_image.png   1047             6      1329      G4       37.64      0.9817       31.35      0.9635
1048_gt_image.png   1048             7      3119      G5       31.97      0.9665       27.33      0.9408
1049_gt_image.png   1049             8       182      G3       44.28      0.9886       33.63      0.9655
1050_gt_image.png   1050             9       180      G2       43.55      0.9884       33.55      0.9659
1051_gt_image.png   1051             0       371      G3       41.96      0.9870       31.97      0.9633
1052_gt_image.png   1052             1      1338      G5       36.31      0.9773       28.06      0.9425
1053_gt_image.png   1053             2       688      G4       39.45      0.9829       29.54      0.9542
1054_gt_image.png   1054             3        84      G1       44.78      0.9890       34.51      0.9670
1055_gt_image.png   1055             4       171      G2       43.84      0.9899       34.74      0.9695
1056_gt_image.png   1056             5        54      G1       46.98      0.9907       34.75      0.9673
1057_gt_image.png   1057             6      1329      G4       39.50      0.9833       31.52      0.9616
1058_gt_image.png   1058             7      3119      G5       34.24      0.9700       27.73      0.9385
1059_gt_image.png   1059             8       182      G3       46.34      0.9895       34.11      0.9650
1060_gt_image.png   1060             9       180      G2       45.84      0.9888       33.64      0.9642
1061_gt_image.png   1061             0       371      G3       39.48      0.9857       30.57      0.9626
1062_gt_image.png   1062             1      1338      G5       33.48      0.9734       26.90      0.9443
1063_gt_image.png   1063             2       688      G4       39.55      0.9814       28.37      0.9527
1064_gt_image.png   1064             3        84      G1       46.09      0.9895       35.07      0.9687
1065_gt_image.png   1065             4       171      G2       46.33      0.9897       35.28      0.9681
1066_gt_image.png   1066             5        54      G1       47.10      0.9906       35.00      0.9694
1067_gt_image.png   1067             6      1329      G4       41.55      0.9832       32.97      0.9631
1068_gt_image.png   1068             7      3119      G5       33.67      0.9696       27.61      0.9359
1069_gt_image.png   1069             8       182      G3       45.42      0.9887       32.85      0.9649
1070_gt_image.png   1070             9       180      G2       45.07      0.9884       33.37      0.9640
1071_gt_image.png   1071             0       371      G3       38.39      0.9864       31.94      0.9658
1072_gt_image.png   1072             1      1338      G5       32.29      0.9745       27.03      0.9463
1073_gt_image.png   1073             2       688      G4       38.05      0.9818       28.62      0.9563
1074_gt_image.png   1074             3        84      G1       42.54      0.9895       34.90      0.9697
1075_gt_image.png   1075             4       171      G2       44.07      0.9909       34.93      0.9701
1076_gt_image.png   1076             5        54      G1       45.34      0.9909       34.23      0.9710
1077_gt_image.png   1077             6      1329      G4       39.67      0.9831       32.59      0.9667
1078_gt_image.png   1078             7      3119      G5       33.40      0.9693       28.35      0.9421
1079_gt_image.png   1079             8       182      G3       44.01      0.9893       33.72      0.9667
1080_gt_image.png   1080             9       180      G2       43.50      0.9890       34.08      0.9674
1081_gt_image.png   1081             0       371      G3       38.92      0.9840       31.33      0.9627
1082_gt_image.png   1082             1      1338      G5       33.81      0.9719       27.02      0.9420
1083_gt_image.png   1083             2       688      G4       37.67      0.9788       29.08      0.9537
1084_gt_image.png   1084             3        84      G1       40.95      0.9863       34.59      0.9677
1085_gt_image.png   1085             4       171      G2       41.46      0.9875       34.81      0.9701
1086_gt_image.png   1086             5        54      G1       43.30      0.9881       34.67      0.9684
1087_gt_image.png   1087             6      1329      G4       40.61      0.9811       32.65      0.9637
1088_gt_image.png   1088             7      3119      G5       31.27      0.9647       27.03      0.9368
1089_gt_image.png   1089             8       182      G3       43.98      0.9865       33.23      0.9640
1090_gt_image.png   1090             9       180      G2       43.33      0.9869       33.12      0.9648
1091_gt_image.png   1091             0       371      G3       34.19      0.9897       33.33      0.9699
1092_gt_image.png   1092             1      1338      G5       29.04      0.9804       29.33      0.9473
1093_gt_image.png   1093             2       688      G4       39.43      0.9879       30.72      0.9596
1094_gt_image.png   1094             3        84      G1       47.13      0.9931       36.94      0.9717
1095_gt_image.png   1095             4       171      G2       48.44      0.9945       38.66      0.9786
1096_gt_image.png   1096             5        54      G1       48.39      0.9935       36.77      0.9736
1097_gt_image.png   1097             6      1329      G4       43.15      0.9890       30.81      0.9638
1098_gt_image.png   1098             7      3119      G5       41.96      0.9846       29.02      0.9405
1099_gt_image.png   1099             8       182      G3       47.27      0.9921       34.46      0.9685
1100_gt_image.png   1100             9       180      G2       47.05      0.9915       34.29      0.9668
1101_gt_image.png   1101             0       371      G3       41.28      0.9857       30.22      0.9677
1102_gt_image.png   1102             1      1338      G5       33.72      0.9758       25.17      0.9440
1103_gt_image.png   1103             2       688      G4       39.22      0.9827       28.81      0.9582
1104_gt_image.png   1104             3        84      G1       45.18      0.9876       33.57      0.9669
1105_gt_image.png   1105             4       171      G2       47.09      0.9897       35.15      0.9712
1106_gt_image.png   1106             5        54      G1       47.08      0.9899       35.54      0.9730
1107_gt_image.png   1107             6      1329      G4       38.97      0.9804       34.01      0.9667
1108_gt_image.png   1108             7      3119      G5       33.78      0.9698       27.79      0.9357
1109_gt_image.png   1109             8       182      G3       45.47      0.9865       33.66      0.9660
1110_gt_image.png   1110             9       180      G2       43.75      0.9850       31.16      0.9611
1111_gt_image.png   1111             0       371      G3       41.29      0.9895       32.47      0.9827
1112_gt_image.png   1112             1      1338      G5       35.05      0.9779       24.95      0.9648
1113_gt_image.png   1113             2       688      G4       38.70      0.9860       30.63      0.9767
1114_gt_image.png   1114             3        84      G1       46.77      0.9912       36.99      0.9866
1115_gt_image.png   1115             4       171      G2       48.32      0.9925       38.58      0.9897
1116_gt_image.png   1116             5        54      G1       47.52      0.9926       36.18      0.9851
1117_gt_image.png   1117             6      1329      G4       44.11      0.9875       35.61      0.9874
1118_gt_image.png   1118             7      3119      G5       34.35      0.9736       29.19      0.9689
1119_gt_image.png   1119             8       182      G3       44.11      0.9900       33.94      0.9827
1120_gt_image.png   1120             9       180      G2       42.55      0.9893       34.39      0.9834
1121_gt_image.png   1121             0       371      G3       43.22      0.9896       32.16      0.9795
1122_gt_image.png   1122             1      1338      G5       35.38      0.9787       25.23      0.9637
1123_gt_image.png   1123             2       688      G4       38.90      0.9857       30.13      0.9742
1124_gt_image.png   1124             3        84      G1       46.07      0.9894       36.71      0.9848
1125_gt_image.png   1125             4       171      G2       46.10      0.9910       34.69      0.9841
1126_gt_image.png   1126             5        54      G1       47.39      0.9926       35.89      0.9869
1127_gt_image.png   1127             6      1329      G4       38.85      0.9841       33.61      0.9814
1128_gt_image.png   1128             7      3119      G5       32.93      0.9712       28.31      0.9624
1129_gt_image.png   1129             8       182      G3       43.73      0.9886       32.24      0.9790
1130_gt_image.png   1130             9       180      G2       42.01      0.9877       32.41      0.9802
1131_gt_image.png   1131             0       371      G3       38.08      0.9870       31.84      0.9839
1132_gt_image.png   1132             1      1338      G5       33.85      0.9766       27.32      0.9682
1133_gt_image.png   1133             2       688      G4       32.67      0.9807       30.11      0.9777
1134_gt_image.png   1134             3        84      G1       42.86      0.9900       36.33      0.9860
1135_gt_image.png   1135             4       171      G2       44.37      0.9920       36.77      0.9901
1136_gt_image.png   1136             5        54      G1       44.69      0.9911       36.72      0.9884
1137_gt_image.png   1137             6      1329      G4       41.33      0.9850       36.02      0.9884
1138_gt_image.png   1138             7      3119      G5       33.03      0.9689       29.74      0.9711
1139_gt_image.png   1139             8       182      G3       43.29      0.9897       35.81      0.9859
1140_gt_image.png   1140             9       180      G2       42.88      0.9892       34.45      0.9836
1141_gt_image.png   1141             0       371      G3       39.31      0.9868       32.05      0.9832
1142_gt_image.png   1142             1      1338      G5       33.18      0.9755       27.61      0.9677
1143_gt_image.png   1143             2       688      G4       29.09      0.9749       29.34      0.9777
1144_gt_image.png   1144             3        84      G1       41.19      0.9892       36.80      0.9889
1145_gt_image.png   1145             4       171      G2       43.89      0.9913       40.57      0.9928
1146_gt_image.png   1146             5        54      G1       42.12      0.9895       33.61      0.9881
1147_gt_image.png   1147             6      1329      G4       40.50      0.9846       34.98      0.9878
1148_gt_image.png   1148             7      3119      G5       35.67      0.9723       29.07      0.9751
1149_gt_image.png   1149             8       182      G3       42.16      0.9884       33.79      0.9854
1150_gt_image.png   1150             9       180      G2       43.79      0.9893       34.62      0.9872
1151_gt_image.png   1151             0       371      G3       39.20      0.9884       31.15      0.9754
1152_gt_image.png   1152             1      1338      G5       33.08      0.9768       25.90      0.9578
1153_gt_image.png   1153             2       688      G4       36.88      0.9844       28.59      0.9668
1154_gt_image.png   1154             3        84      G1       45.35      0.9913       36.69      0.9803
1155_gt_image.png   1155             4       171      G2       47.23      0.9927       37.11      0.9809
1156_gt_image.png   1156             5        54      G1       45.92      0.9927       35.75      0.9820
1157_gt_image.png   1157             6      1329      G4       36.46      0.9844       30.66      0.9753
1158_gt_image.png   1158             7      3119      G5       32.68      0.9727       27.32      0.9518
1159_gt_image.png   1159             8       182      G3       42.06      0.9892       32.17      0.9750
1160_gt_image.png   1160             9       180      G2       44.39      0.9904       33.76      0.9753
1161_gt_image.png   1161             0       371      G3       45.42      0.9912       33.97      0.9652
1162_gt_image.png   1162             1      1338      G5       31.95      0.9825       28.96      0.9458
1163_gt_image.png   1163             2       688      G4       33.93      0.9862       30.96      0.9564
1164_gt_image.png   1164             3        84      G1       46.49      0.9927       36.35      0.9686
1165_gt_image.png   1165             4       171      G2       43.80      0.9937       38.29      0.9749
1166_gt_image.png   1166             5        54      G1       44.62      0.9929       36.45      0.9723
1167_gt_image.png   1167             6      1329      G4       41.91      0.9879       30.43      0.9550
1168_gt_image.png   1168             7      3119      G5       36.42      0.9811       27.11      0.9247
1169_gt_image.png   1169             8       182      G3       43.73      0.9917       34.71      0.9674
1170_gt_image.png   1170             9       180      G2       43.88      0.9918       35.26      0.9668
1171_gt_image.png   1171             0       371      G3       44.55      0.9915       34.29      0.9663
1172_gt_image.png   1172             1      1338      G5       38.88      0.9841       26.85      0.9407
1173_gt_image.png   1173             2       688      G4       41.07      0.9870       28.67      0.9515
1174_gt_image.png   1174             3        84      G1       43.38      0.9913       34.95      0.9726
1175_gt_image.png   1175             4       171      G2       43.75      0.9928       36.17      0.9774
1176_gt_image.png   1176             5        54      G1       44.36      0.9929       36.11      0.9774
1177_gt_image.png   1177             6      1329      G4       38.92      0.9868       31.49      0.9614
1178_gt_image.png   1178             7      3119      G5       36.27      0.9787       27.91      0.9363
1179_gt_image.png   1179             8       182      G3       44.85      0.9901       32.36      0.9663
1180_gt_image.png   1180             9       180      G2       43.53      0.9902       33.25      0.9687
1181_gt_image.png   1181             0       371      G3       43.25      0.9907       32.87      0.9724
1182_gt_image.png   1182             1      1338      G5       33.32      0.9792       27.69      0.9504
1183_gt_image.png   1183             2       688      G4       37.59      0.9840       30.00      0.9633
1184_gt_image.png   1184             3        84      G1       41.68      0.9917       36.23      0.9750
1185_gt_image.png   1185             4       171      G2       44.79      0.9931       36.78      0.9749
1186_gt_image.png   1186             5        54      G1       41.90      0.9933       37.15      0.9754
1187_gt_image.png   1187             6      1329      G4       40.28      0.9866       32.98      0.9700
1188_gt_image.png   1188             7      3119      G5       35.86      0.9757       26.68      0.9414
1189_gt_image.png   1189             8       182      G3       44.03      0.9916       35.94      0.9729
1190_gt_image.png   1190             9       180      G2       44.33      0.9912       35.02      0.9713
1191_gt_image.png   1191             0       371      G3       34.79      0.9884       33.08      0.9720
1192_gt_image.png   1192             1      1338      G5       33.46      0.9793       28.23      0.9523
1193_gt_image.png   1193             2       688      G4       32.64      0.9824       29.78      0.9613
1194_gt_image.png   1194             3        84      G1       42.69      0.9905       35.32      0.9722
1195_gt_image.png   1195             4       171      G2       47.08      0.9930       36.47      0.9767
1196_gt_image.png   1196             5        54      G1       47.00      0.9930       36.83      0.9744
1197_gt_image.png   1197             6      1329      G4       39.90      0.9866       32.43      0.9697
1198_gt_image.png   1198             7      3119      G5       35.41      0.9758       27.86      0.9440
1199_gt_image.png   1199             8       182      G3       46.48      0.9909       35.51      0.9695
1200_gt_image.png   1200             9       180      G2       45.71      0.9915       35.83      0.9715
1201_gt_image.png   1201             0       371      G3       38.30      0.9914       32.65      0.9754
1202_gt_image.png   1202             1      1338      G5       32.62      0.9784       27.70      0.9549
1203_gt_image.png   1203             2       688      G4       36.25      0.9866       30.50      0.9664
1204_gt_image.png   1204             3        84      G1       41.09      0.9922       35.48      0.9748
1205_gt_image.png   1205             4       171      G2       44.48      0.9948       38.21      0.9789
1206_gt_image.png   1206             5        54      G1       41.73      0.9932       35.88      0.9784
1207_gt_image.png   1207             6      1329      G4       36.33      0.9878       35.16      0.9746
1208_gt_image.png   1208             7      3119      G5       35.70      0.9805       28.40      0.9464
1209_gt_image.png   1209             8       182      G3       40.30      0.9898       33.08      0.9711
1210_gt_image.png   1210             9       180      G2       41.42      0.9915       33.83      0.9710
1211_gt_image.png   1211             0       371      G3       45.88      0.9893       32.52      0.9616
1212_gt_image.png   1212             1      1338      G5       41.06      0.9829       28.33      0.9409
1213_gt_image.png   1213             2       688      G4       42.02      0.9867       29.25      0.9500
1214_gt_image.png   1214             3        84      G1       46.90      0.9908       34.30      0.9670
1215_gt_image.png   1215             4       171      G2       46.24      0.9922       35.49      0.9749
1216_gt_image.png   1216             5        54      G1       47.65      0.9929       34.67      0.9717
1217_gt_image.png   1217             6      1329      G4       41.87      0.9848       27.72      0.9500
1218_gt_image.png   1218             7      3119      G5       39.76      0.9791       25.57      0.9141
1219_gt_image.png   1219             8       182      G3       40.74      0.9879       31.61      0.9631
1220_gt_image.png   1220             9       180      G2       40.55      0.9889       32.43      0.9663
1221_gt_image.png   1221             0       371      G3       42.02      0.9906       34.09      0.9741
1222_gt_image.png   1222             1      1338      G5       33.51      0.9810       28.23      0.9544
1223_gt_image.png   1223             2       688      G4       36.54      0.9840       30.22      0.9652
1224_gt_image.png   1224             3        84      G1       44.92      0.9922       37.14      0.9769
1225_gt_image.png   1225             4       171      G2       43.93      0.9934       37.18      0.9772
1226_gt_image.png   1226             5        54      G1       47.03      0.9942       38.13      0.9790
1227_gt_image.png   1227             6      1329      G4       39.08      0.9868       32.83      0.9727
1228_gt_image.png   1228             7      3119      G5       34.12      0.9752       27.00      0.9441
1229_gt_image.png   1229             8       182      G3       41.43      0.9895       33.41      0.9731
1230_gt_image.png   1230             9       180      G2       41.89      0.9894       35.20      0.9728
1231_gt_image.png   1231             0       371      G3       41.49      0.9899       34.08      0.9750
1232_gt_image.png   1232             1      1338      G5       32.03      0.9779       27.89      0.9541
1233_gt_image.png   1233             2       688      G4       36.30      0.9839       29.77      0.9644
1234_gt_image.png   1234             3        84      G1       43.83      0.9918       36.47      0.9768
1235_gt_image.png   1235             4       171      G2       47.09      0.9932       36.94      0.9768
1236_gt_image.png   1236             5        54      G1       46.98      0.9929       36.59      0.9761
1237_gt_image.png   1237             6      1329      G4       39.09      0.9853       32.54      0.9715
1238_gt_image.png   1238             7      3119      G5       34.19      0.9727       27.38      0.9432
1239_gt_image.png   1239             8       182      G3       43.95      0.9910       35.38      0.9739
1240_gt_image.png   1240             9       180      G2       42.58      0.9910       34.84      0.9734
1241_gt_image.png   1241             0       371      G3       41.64      0.9910       31.67      0.9753
1242_gt_image.png   1242             1      1338      G5       32.86      0.9787       27.65      0.9585
1243_gt_image.png   1243             2       688      G4       38.31      0.9861       30.55      0.9688
1244_gt_image.png   1244             3        84      G1       45.91      0.9920       35.44      0.9750
1245_gt_image.png   1245             4       171      G2       48.37      0.9945       37.79      0.9791
1246_gt_image.png   1246             5        54      G1       46.49      0.9940       37.08      0.9801
1247_gt_image.png   1247             6      1329      G4       41.65      0.9878       35.09      0.9758
1248_gt_image.png   1248             7      3119      G5       37.79      0.9797       27.55      0.9477
1249_gt_image.png   1249             8       182      G3       41.89      0.9899       33.37      0.9732
1250_gt_image.png   1250             9       180      G2       41.86      0.9905       33.77      0.9711
1251_gt_image.png   1251             0       371      G3       44.36      0.9912       34.04      0.9762
1252_gt_image.png   1252             1      1338      G5       32.75      0.9800       27.98      0.9560
1253_gt_image.png   1253             2       688      G4       35.24      0.9846       29.83      0.9660
1254_gt_image.png   1254             3        84      G1       45.14      0.9915       36.03      0.9757
1255_gt_image.png   1255             4       171      G2       48.14      0.9936       37.84      0.9781
1256_gt_image.png   1256             5        54      G1       47.01      0.9934       37.47      0.9794
1257_gt_image.png   1257             6      1329      G4       41.10      0.9866       34.82      0.9743
1258_gt_image.png   1258             7      3119      G5       36.50      0.9769       27.20      0.9464
1259_gt_image.png   1259             8       182      G3       42.09      0.9893       33.37      0.9738
1260_gt_image.png   1260             9       180      G2       43.15      0.9904       34.81      0.9743
1261_gt_image.png   1261             0       371      G3       40.64      0.9899       31.11      0.9721
1262_gt_image.png   1262             1      1338      G5       32.47      0.9768       27.52      0.9521
1263_gt_image.png   1263             2       688      G4       38.48      0.9862       30.29      0.9659
1264_gt_image.png   1264             3        84      G1       44.32      0.9923       34.58      0.9735
1265_gt_image.png   1265             4       171      G2       48.92      0.9946       38.14      0.9787
1266_gt_image.png   1266             5        54      G1       46.51      0.9933       35.44      0.9766
1267_gt_image.png   1267             6      1329      G4       32.92      0.9844       28.87      0.9671
1268_gt_image.png   1268             7      3119      G5       32.50      0.9773       26.09      0.9379
1269_gt_image.png   1269             8       182      G3       44.19      0.9907       33.43      0.9708
1270_gt_image.png   1270             9       180      G2       44.36      0.9901       32.67      0.9675
1271_gt_image.png   1271             0       371      G3       38.93      0.9893       30.10      0.9658
1272_gt_image.png   1272             1      1338      G5       35.11      0.9808       25.66      0.9432
1273_gt_image.png   1273             2       688      G4       38.72      0.9870       27.54      0.9541
1274_gt_image.png   1274             3        84      G1       44.77      0.9921       34.26      0.9686
1275_gt_image.png   1275             4       171      G2       41.12      0.9938       36.96      0.9768
1276_gt_image.png   1276             5        54      G1       44.95      0.9933       35.42      0.9754
1277_gt_image.png   1277             6      1329      G4       39.44      0.9889       29.45      0.9593
1278_gt_image.png   1278             7      3119      G5       37.61      0.9812       26.12      0.9213
1279_gt_image.png   1279             8       182      G3       42.02      0.9908       32.32      0.9646
1280_gt_image.png   1280             9       180      G2       44.79      0.9911       34.18      0.9673
1281_gt_image.png   1281             0       371      G3       43.55      0.9912       33.34      0.9747
1282_gt_image.png   1282             1      1338      G5       33.65      0.9797       28.11      0.9546
1283_gt_image.png   1283             2       688      G4       37.78      0.9857       30.96      0.9661
1284_gt_image.png   1284             3        84      G1       44.46      0.9915       35.74      0.9745
1285_gt_image.png   1285             4       171      G2       46.75      0.9937       38.12      0.9777
1286_gt_image.png   1286             5        54      G1       46.44      0.9935       36.99      0.9794
1287_gt_image.png   1287             6      1329      G4       41.61      0.9872       35.39      0.9749
1288_gt_image.png   1288             7      3119      G5       37.11      0.9792       28.15      0.9473
1289_gt_image.png   1289             8       182      G3       43.15      0.9895       34.30      0.9734
1290_gt_image.png   1290             9       180      G2       43.81      0.9910       34.29      0.9720
1291_gt_image.png   1291             0       371      G3       43.59      0.9904       32.50      0.9650
1292_gt_image.png   1292             1      1338      G5       39.58      0.9803       27.49      0.9417
1293_gt_image.png   1293             2       688      G4       41.30      0.9869       29.37      0.9528
1294_gt_image.png   1294             3        84      G1       45.38      0.9904       34.04      0.9668
1295_gt_image.png   1295             4       171      G2       44.29      0.9911       35.00      0.9743
1296_gt_image.png   1296             5        54      G1       46.55      0.9926       34.62      0.9732
1297_gt_image.png   1297             6      1329      G4       36.01      0.9844       27.50      0.9531
1298_gt_image.png   1298             7      3119      G5       35.35      0.9765       25.29      0.9209
1299_gt_image.png   1299             8       182      G3       43.98      0.9891       31.68      0.9634
1300_gt_image.png   1300             9       180      G2       43.88      0.9893       31.12      0.9653
1301_gt_image.png   1301             0       371      G3       38.54      0.9897       30.50      0.9728
1302_gt_image.png   1302             1      1338      G5       33.28      0.9782       27.51      0.9536
1303_gt_image.png   1303             2       688      G4       39.12      0.9863       29.84      0.9661
1304_gt_image.png   1304             3        84      G1       46.96      0.9921       35.84      0.9749
1305_gt_image.png   1305             4       171      G2       48.54      0.9936       37.76      0.9784
1306_gt_image.png   1306             5        54      G1       47.35      0.9932       36.22      0.9789
1307_gt_image.png   1307             6      1329      G4       34.57      0.9855       29.81      0.9674
1308_gt_image.png   1308             7      3119      G5       33.46      0.9775       26.09      0.9365
1309_gt_image.png   1309             8       182      G3       44.77      0.9910       34.08      0.9733
1310_gt_image.png   1310             9       180      G2       45.43      0.9911       34.17      0.9711
1311_gt_image.png   1311             0       371      G3       38.29      0.9904       31.74      0.9697
1312_gt_image.png   1312             1      1338      G5       33.23      0.9803       27.44      0.9483
1313_gt_image.png   1313             2       688      G4       37.99      0.9870       29.85      0.9603
1314_gt_image.png   1314             3        84      G1       47.12      0.9928       35.47      0.9712
1315_gt_image.png   1315             4       171      G2       46.14      0.9940       37.39      0.9773
1316_gt_image.png   1316             5        54      G1       46.79      0.9933       35.82      0.9767
1317_gt_image.png   1317             6      1329      G4       36.95      0.9867       29.34      0.9625
1318_gt_image.png   1318             7      3119      G5       34.61      0.9777       25.68      0.9264
1319_gt_image.png   1319             8       182      G3       45.46      0.9917       33.72      0.9706
1320_gt_image.png   1320             9       180      G2       45.03      0.9918       34.53      0.9697
1321_gt_image.png   1321             0       371      G3       45.19      0.9914       32.37      0.9650
1322_gt_image.png   1322             1      1338      G5       39.39      0.9836       27.41      0.9410
1323_gt_image.png   1323             2       688      G4       40.84      0.9879       29.12      0.9538
1324_gt_image.png   1324             3        84      G1       40.08      0.9910       34.55      0.9671
1325_gt_image.png   1325             4       171      G2       46.32      0.9938       36.24      0.9765
1326_gt_image.png   1326             5        54      G1       36.80      0.9916       35.19      0.9721
1327_gt_image.png   1327             6      1329      G4       38.22      0.9880       29.04      0.9571
1328_gt_image.png   1328             7      3119      G5       35.27      0.9809       25.92      0.9259
1329_gt_image.png   1329             8       182      G3       39.44      0.9898       32.85      0.9634
1330_gt_image.png   1330             9       180      G2       40.34      0.9891       33.15      0.9636
1331_gt_image.png   1331             0       371      G3       32.61      0.9876       33.39      0.9750
1332_gt_image.png   1332             1      1338      G5       31.83      0.9786       27.93      0.9550
1333_gt_image.png   1333             2       688      G4       33.70      0.9819       28.80      0.9634
1334_gt_image.png   1334             3        84      G1       44.93      0.9920       36.23      0.9759
1335_gt_image.png   1335             4       171      G2       46.54      0.9939       37.20      0.9773
1336_gt_image.png   1336             5        54      G1       46.48      0.9939       37.62      0.9789
1337_gt_image.png   1337             6      1329      G4       39.01      0.9864       33.44      0.9731
1338_gt_image.png   1338             7      3119      G5       34.72      0.9762       27.82      0.9469
1339_gt_image.png   1339             8       182      G3       40.14      0.9896       33.27      0.9724
1340_gt_image.png   1340             9       180      G2       44.05      0.9909       34.75      0.9728
1341_gt_image.png   1341             0       371      G3       39.64      0.9896       33.56      0.9724
1342_gt_image.png   1342             1      1338      G5       33.72      0.9793       28.25      0.9511
1343_gt_image.png   1343             2       688      G4       35.57      0.9825       29.31      0.9606
1344_gt_image.png   1344             3        84      G1       42.05      0.9899       34.79      0.9701
1345_gt_image.png   1345             4       171      G2       45.96      0.9925       36.01      0.9741
1346_gt_image.png   1346             5        54      G1       46.65      0.9928       37.12      0.9727
1347_gt_image.png   1347             6      1329      G4       39.34      0.9858       32.95      0.9691
1348_gt_image.png   1348             7      3119      G5       33.63      0.9729       28.05      0.9427
1349_gt_image.png   1349             8       182      G3       45.29      0.9916       36.12      0.9701
1350_gt_image.png   1350             9       180      G2       45.23      0.9913       35.83      0.9693
1351_gt_image.png   1351             0       371      G3       42.19      0.9912       32.64      0.9658
1352_gt_image.png   1352             1      1338      G5       37.72      0.9831       27.40      0.9432
1353_gt_image.png   1353             2       688      G4       39.45      0.9874       29.53      0.9540
1354_gt_image.png   1354             3        84      G1       44.80      0.9919       34.87      0.9689
1355_gt_image.png   1355             4       171      G2       46.72      0.9939       37.25      0.9772
1356_gt_image.png   1356             5        54      G1       41.03      0.9928       34.38      0.9729
1357_gt_image.png   1357             6      1329      G4       40.46      0.9896       29.22      0.9567
1358_gt_image.png   1358             7      3119      G5       37.56      0.9813       24.86      0.9210
1359_gt_image.png   1359             8       182      G3       42.72      0.9904       32.79      0.9655
1360_gt_image.png   1360             9       180      G2       41.57      0.9894       33.92      0.9662
1361_gt_image.png   1361             0       371      G3       38.54      0.9885       32.69      0.9714
1362_gt_image.png   1362             1      1338      G5       38.05      0.9811       27.86      0.9506
1363_gt_image.png   1363             2       688      G4       30.82      0.9827       30.82      0.9652
1364_gt_image.png   1364             3        84      G1       45.36      0.9917       36.68      0.9749
1365_gt_image.png   1365             4       171      G2       48.35      0.9935       39.15      0.9807
1366_gt_image.png   1366             5        54      G1       46.25      0.9923       36.03      0.9778
1367_gt_image.png   1367             6      1329      G4       43.22      0.9875       30.61      0.9641
1368_gt_image.png   1368             7      3119      G5       40.05      0.9751       27.32      0.9355
1369_gt_image.png   1369             8       182      G3       45.88      0.9909       34.96      0.9713
1370_gt_image.png   1370             9       180      G2       44.98      0.9910       35.41      0.9713
1371_gt_image.png   1371             0       371      G3       45.53      0.9922       32.28      0.9645
1372_gt_image.png   1372             1      1338      G5       39.14      0.9837       27.29      0.9435
1373_gt_image.png   1373             2       688      G4       40.35      0.9876       28.27      0.9531
1374_gt_image.png   1374             3        84      G1       47.56      0.9927       34.41      0.9689
1375_gt_image.png   1375             4       171      G2       49.02      0.9943       36.36      0.9758
1376_gt_image.png   1376             5        54      G1       48.23      0.9937       35.26      0.9742
1377_gt_image.png   1377             6      1329      G4       40.02      0.9881       27.97      0.9540
1378_gt_image.png   1378             7      3119      G5       37.94      0.9799       24.99      0.9170
1379_gt_image.png   1379             8       182      G3       46.33      0.9913       32.88      0.9651
1380_gt_image.png   1380             9       180      G2       45.67      0.9915       32.50      0.9663
1381_gt_image.png   1381             0       371      G3       41.97      0.9896       30.77      0.9674
1382_gt_image.png   1382             1      1338      G5       35.92      0.9794       25.35      0.9450
1383_gt_image.png   1383             2       688      G4       38.45      0.9846       27.97      0.9568
1384_gt_image.png   1384             3        84      G1       45.22      0.9912       33.98      0.9737
1385_gt_image.png   1385             4       171      G2       47.22      0.9934       36.35      0.9774
1386_gt_image.png   1386             5        54      G1       46.89      0.9932       35.55      0.9777
1387_gt_image.png   1387             6      1329      G4       36.33      0.9844       27.63      0.9577
1388_gt_image.png   1388             7      3119      G5       34.13      0.9738       24.47      0.9238
1389_gt_image.png   1389             8       182      G3       44.56      0.9908       32.91      0.9717
1390_gt_image.png   1390             9       180      G2       44.12      0.9897       32.32      0.9692
1391_gt_image.png   1391             0       371      G3       42.38      0.9890       30.73      0.9682
1392_gt_image.png   1392             1      1338      G5       34.30      0.9750       24.84      0.9468
1393_gt_image.png   1393             2       688      G4       39.47      0.9837       29.23      0.9601
1394_gt_image.png   1394             3        84      G1       44.95      0.9913       33.86      0.9736
1395_gt_image.png   1395             4       171      G2       47.69      0.9930       35.59      0.9761
1396_gt_image.png   1396             5        54      G1       46.95      0.9928       34.70      0.9766
1397_gt_image.png   1397             6      1329      G4       36.66      0.9846       29.53      0.9628
1398_gt_image.png   1398             7      3119      G5       33.31      0.9704       24.98      0.9268
1399_gt_image.png   1399             8       182      G3       43.14      0.9901       32.76      0.9702
1400_gt_image.png   1400             9       180      G2       42.39      0.9900       32.61      0.9707
1401_gt_image.png   1401             0       371      G3       45.06      0.9916       31.81      0.9648
1402_gt_image.png   1402             1      1338      G5       38.63      0.9831       27.06      0.9427
1403_gt_image.png   1403             2       688      G4       39.03      0.9861       27.29      0.9500
1404_gt_image.png   1404             3        84      G1       47.65      0.9928       34.66      0.9712
1405_gt_image.png   1405             4       171      G2       48.59      0.9940       35.65      0.9762
1406_gt_image.png   1406             5        54      G1       47.41      0.9937       35.44      0.9758
1407_gt_image.png   1407             6      1329      G4       42.06      0.9882       28.92      0.9581
1408_gt_image.png   1408             7      3119      G5       38.70      0.9799       25.19      0.9255
1409_gt_image.png   1409             8       182      G3       46.24      0.9914       32.98      0.9696
1410_gt_image.png   1410             9       180      G2       45.60      0.9914       32.71      0.9668
1411_gt_image.png   1411             0       371      G3       47.13      0.9926       33.49      0.9649
1412_gt_image.png   1412             1      1338      G5       39.89      0.9849       27.41      0.9434
1413_gt_image.png   1413             2       688      G4       43.70      0.9891       30.37      0.9532
1414_gt_image.png   1414             3        84      G1       47.06      0.9924       33.75      0.9688
1415_gt_image.png   1415             4       171      G2       49.23      0.9945       36.74      0.9773
1416_gt_image.png   1416             5        54      G1       47.49      0.9936       34.90      0.9736
1417_gt_image.png   1417             6      1329      G4       38.78      0.9885       27.57      0.9570
1418_gt_image.png   1418             7      3119      G5       37.52      0.9807       25.63      0.9231
1419_gt_image.png   1419             8       182      G3       45.59      0.9913       32.08      0.9645
1420_gt_image.png   1420             9       180      G2       43.90      0.9901       30.96      0.9642
1421_gt_image.png   1421             0       371      G3       41.44      0.9883       30.66      0.9685
1422_gt_image.png   1422             1      1338      G5       33.89      0.9732       25.43      0.9477
1423_gt_image.png   1423             2       688      G4       41.21      0.9844       30.20      0.9638
1424_gt_image.png   1424             3        84      G1       43.59      0.9907       33.28      0.9726
1425_gt_image.png   1425             4       171      G2       47.79      0.9929       36.02      0.9764
1426_gt_image.png   1426             5        54      G1       46.74      0.9928       34.74      0.9772
1427_gt_image.png   1427             6      1329      G4       34.83      0.9826       30.76      0.9646
1428_gt_image.png   1428             7      3119      G5       32.34      0.9679       26.52      0.9341
1429_gt_image.png   1429             8       182      G3       43.38      0.9909       32.43      0.9712
1430_gt_image.png   1430             9       180      G2       44.58      0.9910       31.86      0.9702
1431_gt_image.png   1431             0       371      G3       40.44      0.9883       31.70      0.9747
1432_gt_image.png   1432             1      1338      G5       33.92      0.9763       25.26      0.9536
1433_gt_image.png   1433             2       688      G4       36.45      0.9841       30.00      0.9683
1434_gt_image.png   1434             3        84      G1       43.05      0.9909       36.84      0.9802
1435_gt_image.png   1435             4       171      G2       43.47      0.9917       39.72      0.9865
1436_gt_image.png   1436             5        54      G1       43.96      0.9922       36.95      0.9796
1437_gt_image.png   1437             6      1329      G4       33.46      0.9809       31.72      0.9717
1438_gt_image.png   1438             7      3119      G5       32.85      0.9718       29.76      0.9590
1439_gt_image.png   1439             8       182      G3       43.34      0.9910       35.72      0.9761
1440_gt_image.png   1440             9       180      G2       42.63      0.9909       36.13      0.9774
1441_gt_image.png   1441             0       371      G3       42.70      0.9906       33.50      0.9783
1442_gt_image.png   1442             1      1338      G5       34.15      0.9771       25.77      0.9615
1443_gt_image.png   1443             2       688      G4       38.59      0.9849       30.33      0.9699
1444_gt_image.png   1444             3        84      G1       45.14      0.9917       37.57      0.9838
1445_gt_image.png   1445             4       171      G2       43.58      0.9934       36.84      0.9853
1446_gt_image.png   1446             5        54      G1       45.50      0.9929       36.43      0.9833
1447_gt_image.png   1447             6      1329      G4       41.26      0.9876       36.19      0.9828
1448_gt_image.png   1448             7      3119      G5       32.27      0.9733       29.50      0.9617
1449_gt_image.png   1449             8       182      G3       40.99      0.9900       34.50      0.9800
1450_gt_image.png   1450             9       180      G2       39.70      0.9890       33.81      0.9801
1451_gt_image.png   1451             0       371      G3       41.04      0.9901       33.57      0.9755
1452_gt_image.png   1452             1      1338      G5       35.30      0.9808       27.16      0.9628
1453_gt_image.png   1453             2       688      G4       36.75      0.9840       27.88      0.9666
1454_gt_image.png   1454             3        84      G1       44.52      0.9917       36.56      0.9827
1455_gt_image.png   1455             4       171      G2       45.58      0.9927       35.43      0.9835
1456_gt_image.png   1456             5        54      G1       46.71      0.9938       37.81      0.9870
1457_gt_image.png   1457             6      1329      G4       33.25      0.9842       32.00      0.9760
1458_gt_image.png   1458             7      3119      G5       30.77      0.9686       28.22      0.9532
1459_gt_image.png   1459             8       182      G3       43.30      0.9907       32.36      0.9792
1460_gt_image.png   1460             9       180      G2       43.01      0.9910       32.62      0.9790
1461_gt_image.png   1461             0       371      G3       40.50      0.9905       33.00      0.9819
1462_gt_image.png   1462             1      1338      G5       36.35      0.9817       26.41      0.9627
1463_gt_image.png   1463             2       688      G4       40.39      0.9855       30.15      0.9732
1464_gt_image.png   1464             3        84      G1       44.96      0.9920       35.83      0.9830
1465_gt_image.png   1465             4       171      G2       48.65      0.9933       39.47      0.9890
1466_gt_image.png   1466             5        54      G1       48.59      0.9941       37.58      0.9841
1467_gt_image.png   1467             6      1329      G4       43.11      0.9864       33.94      0.9824
1468_gt_image.png   1468             7      3119      G5       39.65      0.9751       30.37      0.9706
1469_gt_image.png   1469             8       182      G3       46.93      0.9927       34.99      0.9799
1470_gt_image.png   1470             9       180      G2       46.29      0.9920       34.64      0.9808
1471_gt_image.png   1471             0       371      G3       39.25      0.9903       31.30      0.9797
1472_gt_image.png   1472             1      1338      G5       34.54      0.9805       25.81      0.9618
1473_gt_image.png   1473             2       688      G4       38.45      0.9854       28.50      0.9719
1474_gt_image.png   1474             3        84      G1       45.97      0.9930       35.84      0.9837
1475_gt_image.png   1475             4       171      G2       48.19      0.9940       38.09      0.9874
1476_gt_image.png   1476             5        54      G1       47.58      0.9941       35.87      0.9836
1477_gt_image.png   1477             6      1329      G4       43.74      0.9888       35.92      0.9847
1478_gt_image.png   1478             7      3119      G5       39.75      0.9777       30.82      0.9700
1479_gt_image.png   1479             8       182      G3       44.36      0.9916       33.64      0.9784
1480_gt_image.png   1480             9       180      G2       44.13      0.9915       33.55      0.9788
1481_gt_image.png   1481             0       371      G3       39.33      0.9887       32.49      0.9712
1482_gt_image.png   1482             1      1338      G5       32.54      0.9777       27.29      0.9532
1483_gt_image.png   1483             2       688      G4       35.87      0.9815       28.22      0.9605
1484_gt_image.png   1484             3        84      G1       46.13      0.9916       36.13      0.9753
1485_gt_image.png   1485             4       171      G2       45.81      0.9923       35.54      0.9754
1486_gt_image.png   1486             5        54      G1       47.01      0.9932       37.77      0.9790
1487_gt_image.png   1487             6      1329      G4       41.69      0.9874       35.51      0.9736
1488_gt_image.png   1488             7      3119      G5       32.90      0.9756       30.09      0.9543
1489_gt_image.png   1489             8       182      G3       41.04      0.9899       34.08      0.9729
1490_gt_image.png   1490             9       180      G2       40.32      0.9894       33.75      0.9706
1491_gt_image.png   1491             0       371      G3       38.20      0.9877       30.92      0.9696
1492_gt_image.png   1492             1      1338      G5       32.13      0.9764       26.44      0.9508
1493_gt_image.png   1493             2       688      G4       35.80      0.9820       28.19      0.9588
1494_gt_image.png   1494             3        84      G1       44.81      0.9907       36.29      0.9759
1495_gt_image.png   1495             4       171      G2       42.63      0.9916       35.44      0.9771
1496_gt_image.png   1496             5        54      G1       46.53      0.9927       37.16      0.9776
1497_gt_image.png   1497             6      1329      G4       40.43      0.9857       34.13      0.9734
1498_gt_image.png   1498             7      3119      G5       32.88      0.9724       27.85      0.9502
1499_gt_image.png   1499             8       182      G3       44.34      0.9913       34.77      0.9744
1500_gt_image.png   1500             9       180      G2       43.38      0.9907       33.84      0.9739
1501_gt_image.png   1501             0       371      G3       38.73      0.9884       30.81      0.9718
1502_gt_image.png   1502             1      1338      G5       31.90      0.9771       26.62      0.9559
1503_gt_image.png   1503             2       688      G4       34.52      0.9836       29.92      0.9662
1504_gt_image.png   1504             3        84      G1       43.17      0.9910       35.66      0.9763
1505_gt_image.png   1505             4       171      G2       47.27      0.9926       36.19      0.9759
1506_gt_image.png   1506             5        54      G1       46.29      0.9928       37.18      0.9802
1507_gt_image.png   1507             6      1329      G4       34.71      0.9839       31.17      0.9682
1508_gt_image.png   1508             7      3119      G5       32.45      0.9730       28.44      0.9480
1509_gt_image.png   1509             8       182      G3       41.22      0.9896       33.07      0.9728
1510_gt_image.png   1510             9       180      G2       41.82      0.9894       33.08      0.9718
1511_gt_image.png   1511             0       371      G3       40.40      0.9906       30.70      0.9706
1512_gt_image.png   1512             1      1338      G5       32.89      0.9777       26.71      0.9516
1513_gt_image.png   1513             2       688      G4       37.80      0.9860       29.52      0.9648
1514_gt_image.png   1514             3        84      G1       40.70      0.9914       35.04      0.9746
1515_gt_image.png   1515             4       171      G2       45.42      0.9939       36.45      0.9774
1516_gt_image.png   1516             5        54      G1       44.53      0.9936       35.97      0.9786
1517_gt_image.png   1517             6      1329      G4       34.50      0.9849       31.06      0.9671
1518_gt_image.png   1518             7      3119      G5       32.56      0.9750       27.69      0.9445
1519_gt_image.png   1519             8       182      G3       43.83      0.9905       32.61      0.9708
1520_gt_image.png   1520             9       180      G2       42.74      0.9901       33.05      0.9693
1521_gt_image.png   1521             0       371      G3       38.38      0.9884       31.25      0.9726
1522_gt_image.png   1522             1      1338      G5       32.03      0.9767       26.44      0.9538
1523_gt_image.png   1523             2       688      G4       36.85      0.9830       29.76      0.9644
1524_gt_image.png   1524             3        84      G1       45.49      0.9911       36.70      0.9763
1525_gt_image.png   1525             4       171      G2       46.77      0.9923       36.87      0.9770
1526_gt_image.png   1526             5        54      G1       46.01      0.9924       36.99      0.9796
1527_gt_image.png   1527             6      1329      G4       36.96      0.9857       34.72      0.9712
1528_gt_image.png   1528             7      3119      G5       32.55      0.9742       30.25      0.9510
1529_gt_image.png   1529             8       182      G3       43.27      0.9898       34.28      0.9736
1530_gt_image.png   1530             9       180      G2       43.01      0.9893       33.90      0.9733
1531_gt_image.png   1531             0       371      G3       36.87      0.9875       29.99      0.9693
1532_gt_image.png   1532             1      1338      G5       31.56      0.9760       25.73      0.9528
1533_gt_image.png   1533             2       688      G4       36.82      0.9826       28.16      0.9610
1534_gt_image.png   1534             3        84      G1       45.10      0.9913       36.00      0.9748
1535_gt_image.png   1535             4       171      G2       45.50      0.9929       36.61      0.9770
1536_gt_image.png   1536             5        54      G1       46.35      0.9931       37.10      0.9778
1537_gt_image.png   1537             6      1329      G4       40.64      0.9863       34.55      0.9727
1538_gt_image.png   1538             7      3119      G5       33.39      0.9751       29.48      0.9517
1539_gt_image.png   1539             8       182      G3       41.13      0.9893       33.38      0.9727
1540_gt_image.png   1540             9       180      G2       40.03      0.9892       33.34      0.9718
1541_gt_image.png   1541             0       371      G3       40.70      0.9906       32.98      0.9749
1542_gt_image.png   1542             1      1338      G5       36.96      0.9841       27.34      0.9537
1543_gt_image.png   1543             2       688      G4       38.58      0.9870       29.57      0.9660
1544_gt_image.png   1544             3        84      G1       41.24      0.9921       36.35      0.9789
1545_gt_image.png   1545             4       171      G2       47.42      0.9940       37.96      0.9837
1546_gt_image.png   1546             5        54      G1       43.92      0.9941       38.27      0.9817
1547_gt_image.png   1547             6      1329      G4       39.22      0.9868       30.16      0.9707
1548_gt_image.png   1548             7      3119      G5       36.65      0.9796       26.98      0.9473
1549_gt_image.png   1549             8       182      G3       40.72      0.9917       34.81      0.9763
1550_gt_image.png   1550             9       180      G2       40.68      0.9909       33.20      0.9757
1551_gt_image.png   1551             0       371      G3       39.13      0.9884       31.77      0.9792
1552_gt_image.png   1552             1      1338      G5       35.54      0.9817       26.27      0.9627
1553_gt_image.png   1553             2       688      G4       39.68      0.9859       29.34      0.9727
1554_gt_image.png   1554             3        84      G1       44.97      0.9917       36.36      0.9839
1555_gt_image.png   1555             4       171      G2       40.46      0.9917       34.59      0.9851
1556_gt_image.png   1556             5        54      G1       46.24      0.9937       37.54      0.9860
1557_gt_image.png   1557             6      1329      G4       39.90      0.9853       33.44      0.9808
1558_gt_image.png   1558             7      3119      G5       37.96      0.9760       30.67      0.9714
1559_gt_image.png   1559             8       182      G3       43.36      0.9908       32.51      0.9797
1560_gt_image.png   1560             9       180      G2       40.95      0.9881       33.61      0.9789
1561_gt_image.png   1561             0       371      G3       38.63      0.9868       31.63      0.9852
1562_gt_image.png   1562             1      1338      G5       32.91      0.9749       26.68      0.9691
1563_gt_image.png   1563             2       688      G4       34.01      0.9796       29.76      0.9793
1564_gt_image.png   1564             3        84      G1       40.24      0.9878       37.96      0.9908
1565_gt_image.png   1565             4       171      G2       39.63      0.9896       35.86      0.9902
1566_gt_image.png   1566             5        54      G1       43.30      0.9910       39.73      0.9919
1567_gt_image.png   1567             6      1329      G4       33.12      0.9799       33.00      0.9832
1568_gt_image.png   1568             7      3119      G5       29.92      0.9645       29.08      0.9670
1569_gt_image.png   1569             8       182      G3       41.19      0.9891       33.92      0.9889
1570_gt_image.png   1570             9       180      G2       41.79      0.9888       34.92      0.9889
1571_gt_image.png   1571             0       371      G3       31.32      0.9877       32.50      0.9804
1572_gt_image.png   1572             1      1338      G5       27.67      0.9741       26.66      0.9594
1573_gt_image.png   1573             2       688      G4       32.23      0.9826       29.89      0.9725
1574_gt_image.png   1574             3        84      G1       40.31      0.9911       37.15      0.9848
1575_gt_image.png   1575             4       171      G2       43.38      0.9935       35.60      0.9860
1576_gt_image.png   1576             5        54      G1       42.75      0.9941       39.40      0.9865
1577_gt_image.png   1577             6      1329      G4       34.59      0.9854       33.44      0.9792
1578_gt_image.png   1578             7      3119      G5       30.72      0.9678       29.28      0.9604
1579_gt_image.png   1579             8       182      G3       40.57      0.9922       35.60      0.9828
1580_gt_image.png   1580             9       180      G2       40.50      0.9918       35.94      0.9820
1581_gt_image.png   1581             0       371      G3       43.88      0.9934       35.72      0.9743
1582_gt_image.png   1582             1      1338      G5       25.06      0.9740       29.68      0.9564
1583_gt_image.png   1583             2       688      G4       35.30      0.9877       30.58      0.9666
1584_gt_image.png   1584             3        84      G1       46.76      0.9937       35.59      0.9743
1585_gt_image.png   1585             4       171      G2       49.87      0.9955       38.23      0.9816
1586_gt_image.png   1586             5        54      G1       44.47      0.9947       37.52      0.9796
1587_gt_image.png   1587             6      1329      G4       43.75      0.9913       31.85      0.9692
1588_gt_image.png   1588             7      3119      G5       40.36      0.9826       27.59      0.9445
1589_gt_image.png   1589             8       182      G3       43.85      0.9929       34.31      0.9735
1590_gt_image.png   1590             9       180      G2       44.01      0.9930       34.48      0.9729
1591_gt_image.png   1591             0       371      G3       40.49      0.9924       34.06      0.9788
1592_gt_image.png   1592             1      1338      G5       31.55      0.9834       28.36      0.9586
1593_gt_image.png   1593             2       688      G4       39.14      0.9894       31.42      0.9710
1594_gt_image.png   1594             3        84      G1       47.73      0.9943       37.73      0.9787
1595_gt_image.png   1595             4       171      G2       49.08      0.9956       39.98      0.9853
1596_gt_image.png   1596             5        54      G1       46.93      0.9941       36.98      0.9802
1597_gt_image.png   1597             6      1329      G4       36.64      0.9884       30.10      0.9683
1598_gt_image.png   1598             7      3119      G5       35.92      0.9808       28.69      0.9492
1599_gt_image.png   1599             8       182      G3       48.67      0.9938       36.72      0.9777
1600_gt_image.png   1600             9       180      G2       46.49      0.9939       36.71      0.9774
1601_gt_image.png   1601             0       371      G3       39.91      0.9916       32.47      0.9776
1602_gt_image.png   1602             1      1338      G5       30.99      0.9819       27.54      0.9599
1603_gt_image.png   1603             2       688      G4       30.40      0.9836       30.20      0.9691
1604_gt_image.png   1604             3        84      G1       49.41      0.9952       39.83      0.9799
1605_gt_image.png   1605             4       171      G2       50.07      0.9954       39.94      0.9836
1606_gt_image.png   1606             5        54      G1       48.68      0.9952       40.00      0.9817
1607_gt_image.png   1607             6      1329      G4       40.52      0.9906       30.84      0.9713
1608_gt_image.png   1608             7      3119      G5       39.99      0.9826       29.14      0.9540
1609_gt_image.png   1609             8       182      G3       48.48      0.9944       38.17      0.9776
1610_gt_image.png   1610             9       180      G2       48.43      0.9945       37.71      0.9778
1611_gt_image.png   1611             0       371      G3       38.89      0.9929       34.79      0.9793
1612_gt_image.png   1612             1      1338      G5       38.71      0.9877       28.74      0.9603
1613_gt_image.png   1613             2       688      G4       35.80      0.9883       30.41      0.9699
1614_gt_image.png   1614             3        84      G1       47.35      0.9938       36.29      0.9783
1615_gt_image.png   1615             4       171      G2       50.84      0.9953       38.54      0.9851
1616_gt_image.png   1616             5        54      G1       47.49      0.9943       36.61      0.9818
1617_gt_image.png   1617             6      1329      G4       43.31      0.9899       30.50      0.9688
1618_gt_image.png   1618             7      3119      G5       40.29      0.9795       27.37      0.9407
1619_gt_image.png   1619             8       182      G3       47.83      0.9933       34.85      0.9758
1620_gt_image.png   1620             9       180      G2       47.89      0.9932       34.86      0.9756
1621_gt_image.png   1621             0       371      G3       42.88      0.9915       33.84      0.9801
1622_gt_image.png   1622             1      1338      G5       31.24      0.9817       27.73      0.9615
1623_gt_image.png   1623             2       688      G4       32.48      0.9853       29.03      0.9701
1624_gt_image.png   1624             3        84      G1       48.99      0.9931       37.57      0.9825
1625_gt_image.png   1625             4       171      G2       49.04      0.9941       38.35      0.9862
1626_gt_image.png   1626             5        54      G1       46.30      0.9931       36.56      0.9832
1627_gt_image.png   1627             6      1329      G4       38.00      0.9879       28.10      0.9694
1628_gt_image.png   1628             7      3119      G5       36.23      0.9807       26.78      0.9480
1629_gt_image.png   1629             8       182      G3       46.89      0.9915       34.42      0.9772
1630_gt_image.png   1630             9       180      G2       46.52      0.9913       33.83      0.9777
1631_gt_image.png   1631             0       371      G3       42.72      0.9903       33.27      0.9690
1632_gt_image.png   1632             1      1338      G5       39.62      0.9842       28.60      0.9462
1633_gt_image.png   1633             2       688      G4       39.14      0.9864       27.80      0.9542
1634_gt_image.png   1634             3        84      G1       46.91      0.9920       35.56      0.9699
1635_gt_image.png   1635             4       171      G2       49.28      0.9942       37.59      0.9753
1636_gt_image.png   1636             5        54      G1       46.49      0.9925       34.24      0.9721
1637_gt_image.png   1637             6      1329      G4       39.49      0.9856       29.95      0.9569
1638_gt_image.png   1638             7      3119      G5       35.99      0.9737       24.83      0.9191
1639_gt_image.png   1639             8       182      G3       45.94      0.9904       34.58      0.9687
1640_gt_image.png   1640             9       180      G2       46.08      0.9914       35.61      0.9684
1641_gt_image.png   1641             0       371      G3       43.14      0.9913       32.30      0.9742
1642_gt_image.png   1642             1      1338      G5       34.14      0.9796       25.97      0.9559
1643_gt_image.png   1643             2       688      G4       37.72      0.9858       29.52      0.9651
1644_gt_image.png   1644             3        84      G1       45.92      0.9916       35.12      0.9755
1645_gt_image.png   1645             4       171      G2       44.61      0.9934       37.62      0.9788
1646_gt_image.png   1646             5        54      G1       45.05      0.9930       34.75      0.9802
1647_gt_image.png   1647             6      1329      G4       34.50      0.9835       30.67      0.9692
1648_gt_image.png   1648             7      3119      G5       32.27      0.9748       25.98      0.9413
1649_gt_image.png   1649             8       182      G3       44.42      0.9917       33.72      0.9744
1650_gt_image.png   1650             9       180      G2       43.26      0.9895       31.65      0.9684
1651_gt_image.png   1651             0       371      G3       42.99      0.9911       31.24      0.9724
1652_gt_image.png   1652             1      1338      G5       34.64      0.9803       26.42      0.9547
1653_gt_image.png   1653             2       688      G4       37.69      0.9855       28.24      0.9607
1654_gt_image.png   1654             3        84      G1       47.07      0.9915       35.23      0.9741
1655_gt_image.png   1655             4       171      G2       48.17      0.9933       38.07      0.9789
1656_gt_image.png   1656             5        54      G1       46.19      0.9930       34.93      0.9785
1657_gt_image.png   1657             6      1329      G4       36.78      0.9860       31.39      0.9702
1658_gt_image.png   1658             7      3119      G5       34.78      0.9758       25.33      0.9366
1659_gt_image.png   1659             8       182      G3       45.88      0.9917       34.00      0.9743
1660_gt_image.png   1660             9       180      G2       44.01      0.9908       33.65      0.9707
1661_gt_image.png   1661             0       371      G3       34.81      0.9877       30.29      0.9743
1662_gt_image.png   1662             1      1338      G5       29.40      0.9737       25.69      0.9527
1663_gt_image.png   1663             2       688      G4       34.17      0.9837       27.61      0.9673
1664_gt_image.png   1664             3        84      G1       45.55      0.9921       36.11      0.9793
1665_gt_image.png   1665             4       171      G2       45.72      0.9929       36.11      0.9792
1666_gt_image.png   1666             5        54      G1       43.21      0.9935       37.04      0.9819
1667_gt_image.png   1667             6      1329      G4       36.21      0.9851       30.50      0.9762
1668_gt_image.png   1668             7      3119      G5       33.00      0.9714       27.40      0.9540
1669_gt_image.png   1669             8       182      G3       42.58      0.9905       31.86      0.9748
1670_gt_image.png   1670             9       180      G2       43.14      0.9902       32.31      0.9725
1671_gt_image.png   1671             0       371      G3       40.07      0.9902       30.71      0.9728
1672_gt_image.png   1672             1      1338      G5       33.91      0.9789       26.46      0.9543
1673_gt_image.png   1673             2       688      G4       36.39      0.9853       28.50      0.9634
1674_gt_image.png   1674             3        84      G1       45.21      0.9915       34.98      0.9739
1675_gt_image.png   1675             4       171      G2       47.78      0.9930       37.26      0.9779
1676_gt_image.png   1676             5        54      G1       47.52      0.9936       35.75      0.9804
1677_gt_image.png   1677             6      1329      G4       35.09      0.9847       32.73      0.9706
1678_gt_image.png   1678             7      3119      G5       32.77      0.9738       26.63      0.9431
1679_gt_image.png   1679             8       182      G3       45.08      0.9908       33.05      0.9720
1680_gt_image.png   1680             9       180      G2       43.99      0.9898       32.11      0.9686
1681_gt_image.png   1681             0       371      G3       39.37      0.9890       31.18      0.9755
1682_gt_image.png   1682             1      1338      G5       32.20      0.9774       25.37      0.9552
1683_gt_image.png   1683             2       688      G4       36.48      0.9844       28.79      0.9654
1684_gt_image.png   1684             3        84      G1       45.25      0.9918       35.82      0.9778
1685_gt_image.png   1685             4       171      G2       47.90      0.9935       37.44      0.9806
1686_gt_image.png   1686             5        54      G1       47.04      0.9935       36.19      0.9815
1687_gt_image.png   1687             6      1329      G4       40.79      0.9866       33.90      0.9782
1688_gt_image.png   1688             7      3119      G5       34.41      0.9752       28.87      0.9555
1689_gt_image.png   1689             8       182      G3       43.16      0.9900       31.43      0.9732
1690_gt_image.png   1690             9       180      G2       43.53      0.9895       32.39      0.9707
1691_gt_image.png   1691             0       371      G3       32.52      0.9865       30.45      0.9742
1692_gt_image.png   1692             1      1338      G5       32.42      0.9748       25.54      0.9534
1693_gt_image.png   1693             2       688      G4       36.70      0.9852       28.27      0.9675
1694_gt_image.png   1694             3        84      G1       42.18      0.9912       36.25      0.9791
1695_gt_image.png   1695             4       171      G2       47.72      0.9938       37.45      0.9811
1696_gt_image.png   1696             5        54      G1       46.24      0.9942       37.60      0.9832
1697_gt_image.png   1697             6      1329      G4       36.91      0.9854       31.10      0.9750
1698_gt_image.png   1698             7      3119      G5       32.36      0.9717       28.42      0.9530
1699_gt_image.png   1699             8       182      G3       42.86      0.9914       32.62      0.9766
1700_gt_image.png   1700             9       180      G2       41.77      0.9903       32.95      0.9739
1701_gt_image.png   1701             0       371      G3       43.14      0.9902       33.70      0.9715
1702_gt_image.png   1702             1      1338      G5       39.48      0.9828       27.30      0.9441
1703_gt_image.png   1703             2       688      G4       42.72      0.9882       30.51      0.9613
1704_gt_image.png   1704             3        84      G1       48.83      0.9938       37.60      0.9757
1705_gt_image.png   1705             4       171      G2       50.14      0.9947       39.36      0.9807
1706_gt_image.png   1706             5        54      G1       48.76      0.9938       37.49      0.9776
1707_gt_image.png   1707             6      1329      G4       40.65      0.9881       28.91      0.9604
1708_gt_image.png   1708             7      3119      G5       38.84      0.9809       27.00      0.9317
1709_gt_image.png   1709             8       182      G3       48.13      0.9935       37.30      0.9741
1710_gt_image.png   1710             9       180      G2       47.34      0.9935       37.37      0.9731
1711_gt_image.png   1711             0       371      G3       43.74      0.9911       32.18      0.9730
1712_gt_image.png   1712             1      1338      G5       38.54      0.9818       26.71      0.9484
1713_gt_image.png   1713             2       688      G4       39.59      0.9878       28.99      0.9633
1714_gt_image.png   1714             3        84      G1       44.79      0.9922       35.87      0.9749
1715_gt_image.png   1715             4       171      G2       47.84      0.9940       38.15      0.9825
1716_gt_image.png   1716             5        54      G1       47.81      0.9937       34.97      0.9777
1717_gt_image.png   1717             6      1329      G4       43.69      0.9894       29.85      0.9644
1718_gt_image.png   1718             7      3119      G5       41.37      0.9829       27.78      0.9391
1719_gt_image.png   1719             8       182      G3       44.71      0.9917       33.36      0.9713
1720_gt_image.png   1720             9       180      G2       45.66      0.9915       33.63      0.9717
1721_gt_image.png   1721             0       371      G3       39.47      0.9827       31.61      0.9713
1722_gt_image.png   1722             1      1338      G5       36.43      0.9629       27.48      0.9523
1723_gt_image.png   1723             2       688      G4       40.64      0.9701       29.81      0.9683
1724_gt_image.png   1724             3        84      G1       45.52      0.9911       35.57      0.9826
1725_gt_image.png   1725             4       171      G2       44.48      0.9930       32.48      0.9816
1726_gt_image.png   1726             5        54      G1       44.80      0.9924       35.77      0.9860
1727_gt_image.png   1727             6      1329      G4       37.16      0.9777       27.86      0.9695
1728_gt_image.png   1728             7      3119      G5       34.08      0.9577       23.15      0.9335
1729_gt_image.png   1729             8       182      G3       38.84      0.9879       31.23      0.9766
1730_gt_image.png   1730             9       180      G2       40.01      0.9873       32.27      0.9768
1731_gt_image.png   1731             0       371      G3       45.24      0.9805       34.19      0.9767
1732_gt_image.png   1732             1      1338      G5       39.15      0.9507       29.17      0.9574
1733_gt_image.png   1733             2       688      G4       40.08      0.9584       29.06      0.9608
1734_gt_image.png   1734             3        84      G1       46.34      0.9900       33.38      0.9755
1735_gt_image.png   1735             4       171      G2       44.97      0.9908       31.50      0.9815
1736_gt_image.png   1736             5        54      G1       46.56      0.9917       34.73      0.9826
1737_gt_image.png   1737             6      1329      G4       42.91      0.9810       29.37      0.9648
1738_gt_image.png   1738             7      3119      G5       38.16      0.9506       24.99      0.9272
1739_gt_image.png   1739             8       182      G3       43.54      0.9872       31.21      0.9700
1740_gt_image.png   1740             9       180      G2       44.61      0.9882       31.32      0.9720
1741_gt_image.png   1741             0       371      G3       40.22      0.9847       31.50      0.9818
1742_gt_image.png   1742             1      1338      G5       35.23      0.9756       26.77      0.9664
1743_gt_image.png   1743             2       688      G4       33.17      0.9776       29.63      0.9759
1744_gt_image.png   1744             3        84      G1       40.58      0.9893       36.59      0.9878
1745_gt_image.png   1745             4       171      G2       41.92      0.9919       37.03      0.9894
1746_gt_image.png   1746             5        54      G1       44.45      0.9915       36.28      0.9866
1747_gt_image.png   1747             6      1329      G4       37.87      0.9805       33.71      0.9849
1748_gt_image.png   1748             7      3119      G5       33.20      0.9603       28.18      0.9661
1749_gt_image.png   1749             8       182      G3       43.32      0.9904       35.51      0.9855
1750_gt_image.png   1750             9       180      G2       40.46      0.9883       33.00      0.9835
1751_gt_image.png   1751             0       371      G3       43.42      0.9888       33.88      0.9806
1752_gt_image.png   1752             1      1338      G5       38.12      0.9785       28.22      0.9664
1753_gt_image.png   1753             2       688      G4       35.70      0.9708       28.06      0.9716
1754_gt_image.png   1754             3        84      G1       45.52      0.9908       37.43      0.9872
1755_gt_image.png   1755             4       171      G2       41.80      0.9915       36.60      0.9882
1756_gt_image.png   1756             5        54      G1       41.55      0.9914       35.94      0.9874
1757_gt_image.png   1757             6      1329      G4       35.33      0.9809       32.60      0.9809
1758_gt_image.png   1758             7      3119      G5       32.39      0.9599       27.83      0.9589
1759_gt_image.png   1759             8       182      G3       43.70      0.9905       34.52      0.9847
1760_gt_image.png   1760             9       180      G2       42.59      0.9892       35.03      0.9842
1761_gt_image.png   1761             0       371      G3       32.03      0.9896       33.36      0.9766
1762_gt_image.png   1762             1      1338      G5       37.18      0.9843       27.33      0.9584
1763_gt_image.png   1763             2       688      G4       29.62      0.9853       30.22      0.9713
1764_gt_image.png   1764             3        84      G1       47.87      0.9933       35.55      0.9767
1765_gt_image.png   1765             4       171      G2       48.81      0.9945       37.02      0.9847
1766_gt_image.png   1766             5        54      G1       48.97      0.9948       37.21      0.9833
1767_gt_image.png   1767             6      1329      G4       40.80      0.9904       28.94      0.9689
1768_gt_image.png   1768             7      3119      G5       37.30      0.9855       27.65      0.9465
1769_gt_image.png   1769             8       182      G3       43.38      0.9925       33.46      0.9767
1770_gt_image.png   1770             9       180      G2       45.29      0.9926       34.16      0.9773
1771_gt_image.png   1771             0       371      G3       31.97      0.9880       33.75      0.9713
1772_gt_image.png   1772             1      1338      G5       25.59      0.9731       26.65      0.9460
1773_gt_image.png   1773             2       688      G4       30.06      0.9836       30.87      0.9620
1774_gt_image.png   1774             3        84      G1       46.13      0.9932       37.66      0.9731
1775_gt_image.png   1775             4       171      G2       49.59      0.9944       38.94      0.9776
1776_gt_image.png   1776             5        54      G1       46.44      0.9927       35.99      0.9733
1777_gt_image.png   1777             6      1329      G4       44.22      0.9908       32.83      0.9655
1778_gt_image.png   1778             7      3119      G5       42.93      0.9868       30.56      0.9437
1779_gt_image.png   1779             8       182      G3       46.01      0.9921       35.33      0.9699
1780_gt_image.png   1780             9       180      G2       48.12      0.9928       36.31      0.9689
1781_gt_image.png   1781             0       371      G3       43.72      0.9921       34.13      0.9730
1782_gt_image.png   1782             1      1338      G5       30.90      0.9819       27.96      0.9496
1783_gt_image.png   1783             2       688      G4       34.88      0.9874       31.45      0.9643
1784_gt_image.png   1784             3        84      G1       43.90      0.9927       36.15      0.9730
1785_gt_image.png   1785             4       171      G2       48.87      0.9949       38.95      0.9794
1786_gt_image.png   1786             5        54      G1       47.27      0.9935       36.14      0.9760
1787_gt_image.png   1787             6      1329      G4       42.54      0.9903       29.32      0.9613
1788_gt_image.png   1788             7      3119      G5       40.13      0.9840       26.63      0.9342
1789_gt_image.png   1789             8       182      G3       46.89      0.9923       34.35      0.9711
1790_gt_image.png   1790             9       180      G2       45.54      0.9921       34.89      0.9712
1791_gt_image.png   1791             0       371      G3       38.69      0.9897       31.13      0.9755
1792_gt_image.png   1792             1      1338      G5       32.82      0.9804       26.14      0.9564
1793_gt_image.png   1793             2       688      G4       37.27      0.9849       27.74      0.9658
1794_gt_image.png   1794             3        84      G1       44.85      0.9930       37.58      0.9787
1795_gt_image.png   1795             4       171      G2       48.84      0.9948       38.47      0.9814
1796_gt_image.png   1796             5        54      G1       45.89      0.9941       35.80      0.9809
1797_gt_image.png   1797             6      1329      G4       42.13      0.9875       35.52      0.9794
1798_gt_image.png   1798             7      3119      G5       34.79      0.9770       30.04      0.9594
1799_gt_image.png   1799             8       182      G3       41.77      0.9908       32.83      0.9748
1800_gt_image.png   1800             9       180      G2       43.75      0.9906       32.59      0.9697
1801_gt_image.png   1801             0       371      G3       40.74      0.9913       32.84      0.9845
1802_gt_image.png   1802             1      1338      G5       33.86      0.9798       25.19      0.9644
1803_gt_image.png   1803             2       688      G4       39.49      0.9867       29.71      0.9770
1804_gt_image.png   1804             3        84      G1       43.96      0.9925       35.70      0.9844
1805_gt_image.png   1805             4       171      G2       45.81      0.9943       34.85      0.9881
1806_gt_image.png   1806             5        54      G1       48.79      0.9948       37.65      0.9883
1807_gt_image.png   1807             6      1329      G4       43.27      0.9887       36.03      0.9885
1808_gt_image.png   1808             7      3119      G5       39.09      0.9778       31.55      0.9759
1809_gt_image.png   1809             8       182      G3       44.84      0.9918       33.82      0.9827
1810_gt_image.png   1810             9       180      G2       42.19      0.9907       33.87      0.9823
1811_gt_image.png   1811             0       371      G3       41.27      0.9902       32.25      0.9787
1812_gt_image.png   1812             1      1338      G5       34.63      0.9789       24.38      0.9623
1813_gt_image.png   1813             2       688      G4       34.10      0.9847       30.30      0.9727
1814_gt_image.png   1814             3        84      G1       44.88      0.9922       36.83      0.9832
1815_gt_image.png   1815             4       171      G2       44.46      0.9940       39.25      0.9878
1816_gt_image.png   1816             5        54      G1       45.18      0.9937       36.36      0.9830
1817_gt_image.png   1817             6      1329      G4       39.15      0.9855       33.56      0.9821
1818_gt_image.png   1818             7      3119      G5       35.69      0.9727       30.82      0.9705
1819_gt_image.png   1819             8       182      G3       44.94      0.9923       35.64      0.9807
1820_gt_image.png   1820             9       180      G2       44.45      0.9919       34.84      0.9805
1821_gt_image.png   1821             0       371      G3       44.39      0.9926       32.05      0.9747
1822_gt_image.png   1822             1      1338      G5       36.54      0.9823       24.75      0.9571
1823_gt_image.png   1823             2       688      G4       39.23      0.9875       28.91      0.9670
1824_gt_image.png   1824             3        84      G1       45.08      0.9928       34.85      0.9802
1825_gt_image.png   1825             4       171      G2       46.80      0.9944       33.90      0.9811
1826_gt_image.png   1826             5        54      G1       47.33      0.9947       35.06      0.9832
1827_gt_image.png   1827             6      1329      G4       42.99      0.9885       34.40      0.9801
1828_gt_image.png   1828             7      3119      G5       33.11      0.9774       28.51      0.9580
1829_gt_image.png   1829             8       182      G3       45.16      0.9922       33.32      0.9774
1830_gt_image.png   1830             9       180      G2       45.53      0.9922       34.21      0.9774
1831_gt_image.png   1831             0       371      G3       43.72      0.9911       33.11      0.9695
1832_gt_image.png   1832             1      1338      G5       38.21      0.9852       27.95      0.9490
1833_gt_image.png   1833             2       688      G4       38.34      0.9860       29.22      0.9587
1834_gt_image.png   1834             3        84      G1       47.43      0.9928       36.18      0.9753
1835_gt_image.png   1835             4       171      G2       46.92      0.9942       37.17      0.9813
1836_gt_image.png   1836             5        54      G1       49.04      0.9943       37.51      0.9787
1837_gt_image.png   1837             6      1329      G4       38.97      0.9890       31.87      0.9675
1838_gt_image.png   1838             7      3119      G5       33.85      0.9790       28.00      0.9408
1839_gt_image.png   1839             8       182      G3       46.19      0.9920       34.38      0.9714
1840_gt_image.png   1840             9       180      G2       46.22      0.9911       34.40      0.9715
1841_gt_image.png   1841             0       371      G3       43.49      0.9896       31.19      0.9752
1842_gt_image.png   1842             1      1338      G5       35.51      0.9758       25.17      0.9542
1843_gt_image.png   1843             2       688      G4       39.02      0.9846       29.73      0.9676
1844_gt_image.png   1844             3        84      G1       45.56      0.9905       35.14      0.9823
1845_gt_image.png   1845             4       171      G2       46.73      0.9921       34.41      0.9819
1846_gt_image.png   1846             5        54      G1       44.37      0.9921       35.96      0.9847
1847_gt_image.png   1847             6      1329      G4       37.02      0.9846       30.37      0.9714
1848_gt_image.png   1848             7      3119      G5       33.98      0.9719       24.55      0.9434
1849_gt_image.png   1849             8       182      G3       43.49      0.9889       33.49      0.9787
1850_gt_image.png   1850             9       180      G2       44.96      0.9886       32.69      0.9760
1851_gt_image.png   1851             0       371      G3       39.64      0.9903       32.42      0.9787
1852_gt_image.png   1852             1      1338      G5       33.86      0.9788       27.98      0.9611
1853_gt_image.png   1853             2       688      G4       37.59      0.9857       29.18      0.9682
1854_gt_image.png   1854             3        84      G1       46.20      0.9930       37.40      0.9815
1855_gt_image.png   1855             4       171      G2       47.52      0.9944       38.28      0.9831
1856_gt_image.png   1856             5        54      G1       45.36      0.9945       36.92      0.9844
1857_gt_image.png   1857             6      1329      G4       35.51      0.9844       30.62      0.9764
1858_gt_image.png   1858             7      3119      G5       32.05      0.9713       26.87      0.9525
1859_gt_image.png   1859             8       182      G3       41.81      0.9907       33.30      0.9761
1860_gt_image.png   1860             9       180      G2       37.43      0.9905       34.88      0.9766
1861_gt_image.png   1861             0       371      G3       40.32      0.9916       32.52      0.9763
1862_gt_image.png   1862             1      1338      G5       34.45      0.9789       25.94      0.9555
1863_gt_image.png   1863             2       688      G4       38.30      0.9864       30.04      0.9679
1864_gt_image.png   1864             3        84      G1       46.03      0.9930       35.23      0.9788
1865_gt_image.png   1865             4       171      G2       48.15      0.9942       37.87      0.9832
1866_gt_image.png   1866             5        54      G1       45.14      0.9931       33.44      0.9803
1867_gt_image.png   1867             6      1329      G4       35.44      0.9869       29.51      0.9745
1868_gt_image.png   1868             7      3119      G5       33.11      0.9752       26.03      0.9491
1869_gt_image.png   1869             8       182      G3       43.43      0.9907       33.06      0.9751
1870_gt_image.png   1870             9       180      G2       44.76      0.9915       33.84      0.9747
1871_gt_image.png   1871             0       371      G3       35.77      0.9875       33.04      0.9658
1872_gt_image.png   1872             1      1338      G5       31.16      0.9764       27.72      0.9371
1873_gt_image.png   1873             2       688      G4       40.81      0.9838       30.27      0.9547
1874_gt_image.png   1874             3        84      G1       44.00      0.9902       35.74      0.9684
1875_gt_image.png   1875             4       171      G2       44.73      0.9920       37.80      0.9758
1876_gt_image.png   1876             5        54      G1       44.83      0.9911       35.77      0.9736
1877_gt_image.png   1877             6      1329      G4       42.36      0.9855       30.12      0.9560
1878_gt_image.png   1878             7      3119      G5       39.77      0.9777       26.82      0.9227
1879_gt_image.png   1879             8       182      G3       44.79      0.9887       33.58      0.9641
1880_gt_image.png   1880             9       180      G2       44.63      0.9890       33.79      0.9647
1881_gt_image.png   1881             0       371      G3       40.12      0.9872       33.13      0.9639
1882_gt_image.png   1882             1      1338      G5       35.38      0.9787       27.46      0.9390
1883_gt_image.png   1883             2       688      G4       35.16      0.9809       29.34      0.9535
1884_gt_image.png   1884             3        84      G1       47.47      0.9916       36.81      0.9704
1885_gt_image.png   1885             4       171      G2       42.89      0.9919       37.91      0.9747
1886_gt_image.png   1886             5        54      G1       42.88      0.9910       35.78      0.9727
1887_gt_image.png   1887             6      1329      G4       42.09      0.9847       30.32      0.9565
1888_gt_image.png   1888             7      3119      G5       40.84      0.9781       28.09      0.9263
1889_gt_image.png   1889             8       182      G3       41.07      0.9892       34.73      0.9658
1890_gt_image.png   1890             9       180      G2       42.14      0.9895       34.99      0.9654
1891_gt_image.png   1891             0       371      G3       38.76      0.9890       32.35      0.9667
1892_gt_image.png   1892             1      1338      G5       38.13      0.9796       27.63      0.9402
1893_gt_image.png   1893             2       688      G4       40.17      0.9830       29.30      0.9531
1894_gt_image.png   1894             3        84      G1       47.48      0.9911       35.11      0.9695
1895_gt_image.png   1895             4       171      G2       44.41      0.9925       37.71      0.9778
1896_gt_image.png   1896             5        54      G1       48.05      0.9922       35.93      0.9735
1897_gt_image.png   1897             6      1329      G4       40.27      0.9861       28.75      0.9569
1898_gt_image.png   1898             7      3119      G5       39.19      0.9782       25.72      0.9230
1899_gt_image.png   1899             8       182      G3       45.45      0.9905       34.35      0.9687
1900_gt_image.png   1900             9       180      G2       44.28      0.9896       33.60      0.9658
1901_gt_image.png   1901             0       371      G3       41.50      0.9893       32.28      0.9666
1902_gt_image.png   1902             1      1338      G5       40.20      0.9815       27.81      0.9392
1903_gt_image.png   1903             2       688      G4       38.08      0.9853       30.55      0.9557
1904_gt_image.png   1904             3        84      G1       40.30      0.9902       34.77      0.9712
1905_gt_image.png   1905             4       171      G2       39.93      0.9920       37.55      0.9778
1906_gt_image.png   1906             5        54      G1       39.68      0.9910       35.82      0.9745
1907_gt_image.png   1907             6      1329      G4       38.86      0.9852       30.23      0.9586
1908_gt_image.png   1908             7      3119      G5       37.28      0.9758       27.05      0.9255
1909_gt_image.png   1909             8       182      G3       43.08      0.9899       33.77      0.9692
1910_gt_image.png   1910             9       180      G2       38.47      0.9883       32.50      0.9674
1911_gt_image.png   1911             0       371      G3       38.45      0.9885       32.00      0.9677
1912_gt_image.png   1912             1      1338      G5       39.69      0.9809       28.24      0.9420
1913_gt_image.png   1913             2       688      G4       40.96      0.9837       29.74      0.9546
1914_gt_image.png   1914             3        84      G1       45.75      0.9903       34.89      0.9700
1915_gt_image.png   1915             4       171      G2       45.36      0.9923       37.66      0.9778
1916_gt_image.png   1916             5        54      G1       43.75      0.9913       36.05      0.9744
1917_gt_image.png   1917             6      1329      G4       42.60      0.9862       29.01      0.9580
1918_gt_image.png   1918             7      3119      G5       39.24      0.9767       26.02      0.9251
1919_gt_image.png   1919             8       182      G3       47.29      0.9907       35.03      0.9704
1920_gt_image.png   1920             9       180      G2       44.09      0.9891       33.53      0.9659
1921_gt_image.png   1921             0       371      G3       44.41      0.9883       32.88      0.9638
1922_gt_image.png   1922             1      1338      G5       40.14      0.9799       27.68      0.9372
1923_gt_image.png   1923             2       688      G4       41.03      0.9832       29.47      0.9512
1924_gt_image.png   1924             3        84      G1       42.58      0.9906       35.64      0.9686
1925_gt_image.png   1925             4       171      G2       47.81      0.9924       37.34      0.9740
1926_gt_image.png   1926             5        54      G1       44.24      0.9912       36.10      0.9728
1927_gt_image.png   1927             6      1329      G4       43.54      0.9871       30.68      0.9574
1928_gt_image.png   1928             7      3119      G5       37.57      0.9795       27.68      0.9237
1929_gt_image.png   1929             8       182      G3       43.66      0.9900       34.63      0.9659
1930_gt_image.png   1930             9       180      G2       42.58      0.9892       33.65      0.9630
1931_gt_image.png   1931             0       371      G3       40.30      0.9894       31.18      0.9631
1932_gt_image.png   1932             1      1338      G5       32.05      0.9786       27.37      0.9388
1933_gt_image.png   1933             2       688      G4       40.13      0.9865       28.25      0.9532
1934_gt_image.png   1934             3        84      G1       39.66      0.9901       33.86      0.9688
1935_gt_image.png   1935             4       171      G2       42.88      0.9924       35.20      0.9745
1936_gt_image.png   1936             5        54      G1       46.00      0.9921       33.85      0.9724
1937_gt_image.png   1937             6      1329      G4       39.54      0.9867       30.34      0.9564
1938_gt_image.png   1938             7      3119      G5       39.00      0.9779       26.92      0.9236
1939_gt_image.png   1939             8       182      G3       40.18      0.9895       32.40      0.9664
1940_gt_image.png   1940             9       180      G2       36.17      0.9881       32.32      0.9652
1941_gt_image.png   1941             0       371      G3       42.97      0.9893       33.41      0.9656
1942_gt_image.png   1942             1      1338      G5       37.75      0.9812       28.01      0.9402
1943_gt_image.png   1943             2       688      G4       36.30      0.9836       30.04      0.9552
1944_gt_image.png   1944             3        84      G1       46.68      0.9910       35.39      0.9669
1945_gt_image.png   1945             4       171      G2       45.81      0.9925       37.55      0.9755
1946_gt_image.png   1946             5        54      G1       46.21      0.9920       36.35      0.9740
1947_gt_image.png   1947             6      1329      G4       42.84      0.9866       29.79      0.9561
1948_gt_image.png   1948             7      3119      G5       39.43      0.9786       25.97      0.9232
1949_gt_image.png   1949             8       182      G3       46.29      0.9902       34.36      0.9663
1950_gt_image.png   1950             9       180      G2       45.30      0.9902       33.92      0.9650
1951_gt_image.png   1951             0       371      G3       41.93      0.9892       32.24      0.9660
1952_gt_image.png   1952             1      1338      G5       39.30      0.9810       27.98      0.9398
1953_gt_image.png   1953             2       688      G4       36.24      0.9830       29.37      0.9530
1954_gt_image.png   1954             3        84      G1       44.34      0.9897       34.22      0.9673
1955_gt_image.png   1955             4       171      G2       41.77      0.9920       36.43      0.9753
1956_gt_image.png   1956             5        54      G1       44.23      0.9912       35.33      0.9711
1957_gt_image.png   1957             6      1329      G4       41.01      0.9858       30.25      0.9569
1958_gt_image.png   1958             7      3119      G5       36.60      0.9755       26.34      0.9261
1959_gt_image.png   1959             8       182      G3       43.81      0.9893       33.04      0.9639
1960_gt_image.png   1960             9       180      G2       40.87      0.9879       32.21      0.9615
1961_gt_image.png   1961             0       371      G3       33.61      0.9866       30.61      0.9647
1962_gt_image.png   1962             1      1338      G5       32.35      0.9788       27.85      0.9402
1963_gt_image.png   1963             2       688      G4       37.09      0.9832       28.94      0.9519
1964_gt_image.png   1964             3        84      G1       43.48      0.9894       33.91      0.9670
1965_gt_image.png   1965             4       171      G2       43.67      0.9919       36.22      0.9759
1966_gt_image.png   1966             5        54      G1       44.12      0.9908       35.40      0.9709
1967_gt_image.png   1967             6      1329      G4       41.81      0.9863       30.30      0.9573
1968_gt_image.png   1968             7      3119      G5       37.49      0.9760       26.70      0.9250
1969_gt_image.png   1969             8       182      G3       42.78      0.9890       33.64      0.9655
1970_gt_image.png   1970             9       180      G2       42.31      0.9876       31.95      0.9618
1971_gt_image.png   1971             0       371      G3       42.92      0.9881       32.26      0.9630
1972_gt_image.png   1972             1      1338      G5       34.09      0.9785       26.81      0.9356
1973_gt_image.png   1973             2       688      G4       40.09      0.9840       29.64      0.9519
1974_gt_image.png   1974             3        84      G1       44.13      0.9916       37.06      0.9679
1975_gt_image.png   1975             4       171      G2       44.26      0.9922       37.75      0.9730
1976_gt_image.png   1976             5        54      G1       42.76      0.9914       35.96      0.9700
1977_gt_image.png   1977             6      1329      G4       39.51      0.9856       29.66      0.9535
1978_gt_image.png   1978             7      3119      G5       39.77      0.9808       27.82      0.9247
1979_gt_image.png   1979             8       182      G3       43.00      0.9905       35.76      0.9648
1980_gt_image.png   1980             9       180      G2       42.28      0.9906       36.06      0.9649
1981_gt_image.png   1981             0       371      G3       40.28      0.9911       32.32      0.9745
1982_gt_image.png   1982             1      1338      G5       34.67      0.9796       27.39      0.9534
1983_gt_image.png   1983             2       688      G4       40.12      0.9868       29.51      0.9636
1984_gt_image.png   1984             3        84      G1       43.91      0.9930       35.38      0.9744
1985_gt_image.png   1985             4       171      G2       43.44      0.9939       35.89      0.9769
1986_gt_image.png   1986             5        54      G1       43.25      0.9940       36.19      0.9792
1987_gt_image.png   1987             6      1329      G4       35.23      0.9864       30.90      0.9692
1988_gt_image.png   1988             7      3119      G5       31.96      0.9756       26.97      0.9443
1989_gt_image.png   1989             8       182      G3       43.58      0.9923       34.46      0.9735
1990_gt_image.png   1990             9       180      G2       43.33      0.9914       33.40      0.9704
1991_gt_image.png   1991             0       371      G3       43.02      0.9891       33.40      0.9671
1992_gt_image.png   1992             1      1338      G5       31.39      0.9757       27.02      0.9388
1993_gt_image.png   1993             2       688      G4       37.13      0.9831       29.81      0.9549
1994_gt_image.png   1994             3        84      G1       46.14      0.9906       36.04      0.9673
1995_gt_image.png   1995             4       171      G2       47.65      0.9922       38.54      0.9731
1996_gt_image.png   1996             5        54      G1       47.43      0.9915       36.85      0.9716
1997_gt_image.png   1997             6      1329      G4       44.01      0.9890       33.83      0.9632
1998_gt_image.png   1998             7      3119      G5       42.21      0.9844       30.71      0.9388
1999_gt_image.png   1999             8       182      G3       43.82      0.9893       34.11      0.9647
2000_gt_image.png   2000             9       180      G2       45.26      0.9890       33.89      0.9618