DICDNet Image Quality Evaluation
Date: 2025-02-20 11:35:04
Results Directory: ./save_results

Filename                  PSNR(img) SSIM(img)  PSNR(hu)  SSIM(hu)
-----------------------------------------------------------------
1000_gt_image.png             46.95    0.9915     35.28    0.9680
1001_gt_image.png             37.74    0.9902     34.78    0.9661
1002_gt_image.png             28.85    0.9778     28.96    0.9429
1003_gt_image.png             32.63    0.9836     30.48    0.9540
1004_gt_image.png             45.22    0.9916     36.53    0.9685
1005_gt_image.png             44.02    0.9928     37.13    0.9739
1006_gt_image.png             47.70    0.9924     36.98    0.9724
1007_gt_image.png             42.61    0.9871     30.23    0.9566
1008_gt_image.png             39.97    0.9760     27.07    0.9263
1009_gt_image.png             44.92    0.9898     34.08    0.9644
100_gt_image.png              43.47    0.9849     32.25    0.9709
1010_gt_image.png             41.29    0.9895     33.86    0.9623
1011_gt_image.png             34.90    0.9852     32.29    0.9534
1012_gt_image.png             23.36    0.9589     27.54    0.9263
1013_gt_image.png             36.31    0.9840     31.22    0.9454
1014_gt_image.png             36.44    0.9879     35.70    0.9592
1015_gt_image.png             37.46    0.9891     37.03    0.9664
1016_gt_image.png             37.41    0.9887     36.14    0.9631
1017_gt_image.png             40.10    0.9854     32.31    0.9471
1018_gt_image.png             40.49    0.9783     28.84    0.9128
1019_gt_image.png             37.55    0.9863     33.42    0.9556
101_gt_image.png              42.66    0.9904     33.12    0.9729
1020_gt_image.png             36.53    0.9865     34.13    0.9556
1021_gt_image.png             35.96    0.9872     31.28    0.9572
1022_gt_image.png             36.47    0.9780     27.17    0.9268
1023_gt_image.png             35.81    0.9829     30.56    0.9447
1024_gt_image.png             40.74    0.9898     35.80    0.9600
1025_gt_image.png             38.83    0.9905     37.44    0.9664
1026_gt_image.png             41.43    0.9904     35.53    0.9647
1027_gt_image.png             37.77    0.9862     33.12    0.9507
1028_gt_image.png             37.68    0.9795     28.26    0.9131
1029_gt_image.png             40.54    0.9884     33.62    0.9569
102_gt_image.png              40.12    0.9796     27.74    0.9472
1030_gt_image.png             39.62    0.9892     34.95    0.9586
1031_gt_image.png             38.80    0.9851     31.61    0.9664
1032_gt_image.png             34.59    0.9745     27.69    0.9453
1033_gt_image.png             36.69    0.9788     29.19    0.9550
1034_gt_image.png             44.49    0.9882     35.30    0.9691
1035_gt_image.png             41.89    0.9891     35.96    0.9718
1036_gt_image.png             44.73    0.9888     33.76    0.9689
1037_gt_image.png             35.33    0.9788     31.46    0.9638
1038_gt_image.png             32.71    0.9634     26.62    0.9403
1039_gt_image.png             43.98    0.9875     33.55    0.9658
103_gt_image.png              42.55    0.9867     30.23    0.9630
1040_gt_image.png             43.73    0.9870     33.79    0.9657
1041_gt_image.png             39.94    0.9860     31.73    0.9656
1042_gt_image.png             34.07    0.9729     26.83    0.9408
1043_gt_image.png             37.18    0.9789     28.93    0.9523
1044_gt_image.png             43.88    0.9887     34.98    0.9684
1045_gt_image.png             42.75    0.9898     35.58    0.9724
1046_gt_image.png             45.20    0.9905     34.58    0.9714
1047_gt_image.png             37.64    0.9814     31.35    0.9646
1048_gt_image.png             31.97    0.9654     27.33    0.9407
1049_gt_image.png             44.28    0.9884     33.63    0.9662
104_gt_image.png              46.60    0.9914     35.73    0.9757
1050_gt_image.png             43.55    0.9881     33.55    0.9665
1051_gt_image.png             41.96    0.9868     31.97    0.9649
1052_gt_image.png             36.31    0.9763     28.06    0.9436
1053_gt_image.png             39.45    0.9823     29.54    0.9557
1054_gt_image.png             44.78    0.9890     34.51    0.9684
1055_gt_image.png             43.84    0.9899     34.74    0.9709
1056_gt_image.png             46.98    0.9907     34.75    0.9688
1057_gt_image.png             39.50    0.9830     31.52    0.9627
1058_gt_image.png             34.24    0.9686     27.73    0.9390
1059_gt_image.png             46.34    0.9893     34.11    0.9661
105_gt_image.png              47.98    0.9931     37.12    0.9821
1060_gt_image.png             45.84    0.9886     33.64    0.9653
1061_gt_image.png             39.48    0.9857     30.57    0.9638
1062_gt_image.png             33.48    0.9727     26.90    0.9449
1063_gt_image.png             39.55    0.9809     28.37    0.9535
1064_gt_image.png             46.09    0.9895     35.07    0.9698
1065_gt_image.png             46.33    0.9898     35.28    0.9692
1066_gt_image.png             47.10    0.9906     35.00    0.9705
1067_gt_image.png             41.55    0.9827     32.97    0.9638
1068_gt_image.png             33.67    0.9685     27.61    0.9354
1069_gt_image.png             45.42    0.9885     32.85    0.9657
106_gt_image.png              47.63    0.9928     35.76    0.9788
1070_gt_image.png             45.07    0.9882     33.37    0.9647
1071_gt_image.png             38.39    0.9862     31.94    0.9671
1072_gt_image.png             32.29    0.9736     27.03    0.9467
1073_gt_image.png             38.05    0.9813     28.62    0.9572
1074_gt_image.png             42.54    0.9894     34.90    0.9708
1075_gt_image.png             44.07    0.9908     34.93    0.9711
1076_gt_image.png             45.34    0.9908     34.23    0.9720
1077_gt_image.png             39.67    0.9827     32.59    0.9676
1078_gt_image.png             33.40    0.9678     28.35    0.9421
1079_gt_image.png             44.01    0.9891     33.72    0.9674
107_gt_image.png              43.17    0.9877     31.87    0.9672
1080_gt_image.png             43.50    0.9889     34.08    0.9684
1081_gt_image.png             38.92    0.9838     31.33    0.9639
1082_gt_image.png             33.81    0.9708     27.02    0.9425
1083_gt_image.png             37.67    0.9781     29.08    0.9544
1084_gt_image.png             40.95    0.9863     34.59    0.9686
1085_gt_image.png             41.46    0.9876     34.81    0.9712
1086_gt_image.png             43.30    0.9880     34.67    0.9692
1087_gt_image.png             40.61    0.9807     32.65    0.9644
1088_gt_image.png             31.27    0.9632     27.03    0.9364
1089_gt_image.png             43.98    0.9863     33.23    0.9646
108_gt_image.png              40.44    0.9810     28.54    0.9396
1090_gt_image.png             43.33    0.9867     33.12    0.9653
1091_gt_image.png             34.19    0.9893     33.33    0.9704
1092_gt_image.png             29.04    0.9789     29.33    0.9466
1093_gt_image.png             39.43    0.9871     30.72    0.9594
1094_gt_image.png             47.13    0.9929     36.94    0.9721
1095_gt_image.png             48.44    0.9944     38.66    0.9791
1096_gt_image.png             48.39    0.9932     36.77    0.9741
1097_gt_image.png             43.15    0.9881     30.81    0.9637
1098_gt_image.png             41.96    0.9831     29.02    0.9390
1099_gt_image.png             47.27    0.9915     34.46    0.9686
109_gt_image.png              42.74    0.9906     34.28    0.9748
10_gt_image.png               44.38    0.9894     32.94    0.9614
1100_gt_image.png             47.05    0.9909     34.29    0.9668
1101_gt_image.png             41.28    0.9857     30.22    0.9688
1102_gt_image.png             33.72    0.9746     25.17    0.9436
1103_gt_image.png             39.22    0.9822     28.81    0.9590
1104_gt_image.png             45.18    0.9874     33.57    0.9675
1105_gt_image.png             47.09    0.9896     35.15    0.9715
1106_gt_image.png             47.08    0.9897     35.54    0.9737
1107_gt_image.png             38.97    0.9799     34.01    0.9669
1108_gt_image.png             33.78    0.9680     27.79    0.9343
1109_gt_image.png             45.47    0.9863     33.66    0.9665
110_gt_image.png              42.06    0.9886     32.82    0.9711
1110_gt_image.png             43.75    0.9844     31.16    0.9615
1111_gt_image.png             41.29    0.9896     32.47    0.9829
1112_gt_image.png             35.05    0.9770     24.95    0.9638
1113_gt_image.png             38.70    0.9857     30.63    0.9766
1114_gt_image.png             46.77    0.9912     36.99    0.9867
1115_gt_image.png             48.32    0.9926     38.58    0.9900
1116_gt_image.png             47.52    0.9927     36.18    0.9851
1117_gt_image.png             44.11    0.9874     35.61    0.9875
1118_gt_image.png             34.35    0.9728     29.19    0.9680
1119_gt_image.png             44.11    0.9900     33.94    0.9829
111_gt_image.png              39.12    0.9875     31.21    0.9655
1120_gt_image.png             42.55    0.9893     34.39    0.9833
1121_gt_image.png             43.22    0.9895     32.16    0.9788
1122_gt_image.png             35.38    0.9779     25.23    0.9623
1123_gt_image.png             38.90    0.9853     30.13    0.9736
1124_gt_image.png             46.07    0.9894     36.71    0.9848
1125_gt_image.png             46.10    0.9910     34.69    0.9838
1126_gt_image.png             47.39    0.9927     35.89    0.9867
1127_gt_image.png             38.85    0.9837     33.61    0.9805
1128_gt_image.png             32.93    0.9701     28.31    0.9602
1129_gt_image.png             43.73    0.9885     32.24    0.9789
112_gt_image.png              34.12    0.9774     27.12    0.9459
1130_gt_image.png             42.01    0.9877     32.41    0.9801
1131_gt_image.png             38.08    0.9870     31.84    0.9835
1132_gt_image.png             33.85    0.9758     27.32    0.9674
1133_gt_image.png             32.67    0.9801     30.11    0.9770
1134_gt_image.png             42.86    0.9901     36.33    0.9861
1135_gt_image.png             44.37    0.9921     36.77    0.9899
1136_gt_image.png             44.69    0.9911     36.72    0.9886
1137_gt_image.png             41.33    0.9845     36.02    0.9882
1138_gt_image.png             33.03    0.9670     29.74    0.9698
1139_gt_image.png             43.29    0.9896     35.81    0.9859
113_gt_image.png              31.45    0.9800     26.94    0.9533
1140_gt_image.png             42.88    0.9889     34.45    0.9835
1141_gt_image.png             39.31    0.9866     32.05    0.9831
1142_gt_image.png             33.18    0.9744     27.61    0.9674
1143_gt_image.png             29.09    0.9741     29.34    0.9774
1144_gt_image.png             41.19    0.9893     36.80    0.9891
1145_gt_image.png             43.89    0.9913     40.57    0.9931
1146_gt_image.png             42.12    0.9894     33.61    0.9884
1147_gt_image.png             40.50    0.9841     34.98    0.9879
1148_gt_image.png             35.67    0.9707     29.07    0.9748
1149_gt_image.png             42.16    0.9881     33.79    0.9854
114_gt_image.png              44.82    0.9902     36.28    0.9702
1150_gt_image.png             43.79    0.9892     34.62    0.9873
1151_gt_image.png             39.20    0.9880     31.15    0.9752
1152_gt_image.png             33.08    0.9757     25.90    0.9568
1153_gt_image.png             36.88    0.9837     28.59    0.9662
1154_gt_image.png             45.35    0.9912     36.69    0.9801
1155_gt_image.png             47.23    0.9925     37.11    0.9806
1156_gt_image.png             45.92    0.9926     35.75    0.9819
1157_gt_image.png             36.46    0.9837     30.66    0.9746
1158_gt_image.png             32.68    0.9712     27.32    0.9497
1159_gt_image.png             42.06    0.9889     32.17    0.9748
115_gt_image.png              45.37    0.9916     35.86    0.9709
1160_gt_image.png             44.39    0.9900     33.76    0.9746
1161_gt_image.png             45.42    0.9908     33.97    0.9652
1162_gt_image.png             31.95    0.9812     28.96    0.9444
1163_gt_image.png             33.93    0.9854     30.96    0.9560
1164_gt_image.png             46.49    0.9925     36.35    0.9690
1165_gt_image.png             43.80    0.9937     38.29    0.9755
1166_gt_image.png             44.62    0.9928     36.45    0.9733
1167_gt_image.png             41.91    0.9868     30.43    0.9546
1168_gt_image.png             36.42    0.9788     27.11    0.9229
1169_gt_image.png             43.73    0.9914     34.71    0.9677
116_gt_image.png              46.00    0.9921     36.41    0.9725
1170_gt_image.png             43.88    0.9916     35.26    0.9675
1171_gt_image.png             44.55    0.9908     34.29    0.9654
1172_gt_image.png             38.88    0.9819     26.85    0.9383
1173_gt_image.png             41.07    0.9853     28.67    0.9499
1174_gt_image.png             43.38    0.9911     34.95    0.9730
1175_gt_image.png             43.75    0.9925     36.17    0.9773
1176_gt_image.png             44.36    0.9926     36.11    0.9778
1177_gt_image.png             38.92    0.9858     31.49    0.9604
1178_gt_image.png             36.27    0.9764     27.91    0.9337
1179_gt_image.png             44.85    0.9891     32.36    0.9658
117_gt_image.png              37.92    0.9807     32.90    0.9630
1180_gt_image.png             43.53    0.9896     33.25    0.9688
1181_gt_image.png             43.25    0.9905     32.87    0.9732
1182_gt_image.png             33.32    0.9782     27.69    0.9498
1183_gt_image.png             37.59    0.9833     30.00    0.9637
1184_gt_image.png             41.68    0.9916     36.23    0.9760
1185_gt_image.png             44.79    0.9929     36.78    0.9754
1186_gt_image.png             41.90    0.9932     37.15    0.9759
1187_gt_image.png             40.28    0.9860     32.98    0.9704
1188_gt_image.png             35.86    0.9740     26.68    0.9399
1189_gt_image.png             44.03    0.9914     35.94    0.9734
118_gt_image.png              33.17    0.9664     29.89    0.9386
1190_gt_image.png             44.33    0.9909     35.02    0.9718
1191_gt_image.png             34.79    0.9881     33.08    0.9727
1192_gt_image.png             33.46    0.9781     28.23    0.9516
1193_gt_image.png             32.64    0.9817     29.78    0.9615
1194_gt_image.png             42.69    0.9902     35.32    0.9728
1195_gt_image.png             47.08    0.9929     36.47    0.9775
1196_gt_image.png             47.00    0.9927     36.83    0.9748
1197_gt_image.png             39.90    0.9861     32.43    0.9702
1198_gt_image.png             35.41    0.9746     27.86    0.9432
1199_gt_image.png             46.48    0.9905     35.51    0.9695
119_gt_image.png              40.78    0.9870     32.60    0.9627
11_gt_image.png               40.35    0.9858     31.47    0.9592
1200_gt_image.png             45.71    0.9912     35.83    0.9717
1201_gt_image.png             38.30    0.9911     32.65    0.9757
1202_gt_image.png             32.62    0.9772     27.70    0.9543
1203_gt_image.png             36.25    0.9858     30.50    0.9667
1204_gt_image.png             41.09    0.9920     35.48    0.9753
1205_gt_image.png             44.48    0.9947     38.21    0.9792
1206_gt_image.png             41.73    0.9929     35.88    0.9789
1207_gt_image.png             36.33    0.9870     35.16    0.9745
1208_gt_image.png             35.70    0.9786     28.40    0.9447
1209_gt_image.png             40.30    0.9894     33.08    0.9717
120_gt_image.png              42.24    0.9875     32.34    0.9620
1210_gt_image.png             41.42    0.9911     33.83    0.9714
1211_gt_image.png             45.88    0.9890     32.52    0.9613
1212_gt_image.png             41.06    0.9817     28.33    0.9399
1213_gt_image.png             42.02    0.9859     29.25    0.9494
1214_gt_image.png             46.90    0.9907     34.30    0.9680
1215_gt_image.png             46.24    0.9922     35.49    0.9755
1216_gt_image.png             47.65    0.9928     34.67    0.9727
1217_gt_image.png             41.87    0.9837     27.72    0.9495
1218_gt_image.png             39.76    0.9767     25.57    0.9112
1219_gt_image.png             40.74    0.9876     31.61    0.9641
121_gt_image.png              39.08    0.9861     32.04    0.9658
1220_gt_image.png             40.55    0.9887     32.43    0.9674
1221_gt_image.png             42.02    0.9903     34.09    0.9746
1222_gt_image.png             33.51    0.9798     28.23    0.9539
1223_gt_image.png             36.54    0.9835     30.22    0.9658
1224_gt_image.png             44.92    0.9921     37.14    0.9773
1225_gt_image.png             43.93    0.9933     37.18    0.9777
1226_gt_image.png             47.03    0.9941     38.13    0.9794
1227_gt_image.png             39.08    0.9862     32.83    0.9731
1228_gt_image.png             34.12    0.9732     27.00    0.9425
1229_gt_image.png             41.43    0.9892     33.41    0.9733
122_gt_image.png              33.96    0.9750     27.27    0.9424
1230_gt_image.png             41.89    0.9891     35.20    0.9731
1231_gt_image.png             41.49    0.9897     34.08    0.9758
1232_gt_image.png             32.03    0.9768     27.89    0.9539
1233_gt_image.png             36.30    0.9834     29.77    0.9649
1234_gt_image.png             43.83    0.9916     36.47    0.9775
1235_gt_image.png             47.09    0.9930     36.94    0.9772
1236_gt_image.png             46.98    0.9927     36.59    0.9765
1237_gt_image.png             39.09    0.9847     32.54    0.9718
1238_gt_image.png             34.19    0.9708     27.38    0.9417
1239_gt_image.png             43.95    0.9906     35.38    0.9743
123_gt_image.png              37.32    0.9810     27.42    0.9531
1240_gt_image.png             42.58    0.9906     34.84    0.9736
1241_gt_image.png             41.64    0.9907     31.67    0.9756
1242_gt_image.png             32.86    0.9779     27.65    0.9583
1243_gt_image.png             38.31    0.9855     30.55    0.9690
1244_gt_image.png             45.91    0.9918     35.44    0.9753
1245_gt_image.png             48.37    0.9945     37.79    0.9792
1246_gt_image.png             46.49    0.9939     37.08    0.9807
1247_gt_image.png             41.65    0.9871     35.09    0.9758
1248_gt_image.png             37.79    0.9778     27.55    0.9460
1249_gt_image.png             41.89    0.9896     33.37    0.9737
124_gt_image.png              44.56    0.9891     35.62    0.9704
1250_gt_image.png             41.86    0.9903     33.77    0.9714
1251_gt_image.png             44.36    0.9909     34.04    0.9767
1252_gt_image.png             32.75    0.9789     27.98    0.9554
1253_gt_image.png             35.24    0.9840     29.83    0.9664
1254_gt_image.png             45.14    0.9913     36.03    0.9761
1255_gt_image.png             48.14    0.9935     37.84    0.9786
1256_gt_image.png             47.01    0.9932     37.47    0.9801
1257_gt_image.png             41.10    0.9860     34.82    0.9745
1258_gt_image.png             36.50    0.9748     27.20    0.9446
1259_gt_image.png             42.09    0.9890     33.37    0.9744
125_gt_image.png              46.30    0.9902     35.06    0.9694
1260_gt_image.png             43.15    0.9900     34.81    0.9744
1261_gt_image.png             40.64    0.9896     31.11    0.9725
1262_gt_image.png             32.47    0.9756     27.52    0.9517
1263_gt_image.png             38.48    0.9856     30.29    0.9662
1264_gt_image.png             44.32    0.9922     34.58    0.9742
1265_gt_image.png             48.92    0.9946     38.14    0.9789
1266_gt_image.png             46.51    0.9931     35.44    0.9771
1267_gt_image.png             32.92    0.9837     28.87    0.9670
1268_gt_image.png             32.50    0.9755     26.09    0.9361
1269_gt_image.png             44.19    0.9904     33.43    0.9712
126_gt_image.png              45.54    0.9906     35.44    0.9726
1270_gt_image.png             44.36    0.9897     32.67    0.9676
1271_gt_image.png             38.93    0.9888     30.10    0.9666
1272_gt_image.png             35.11    0.9792     25.66    0.9431
1273_gt_image.png             38.72    0.9858     27.54    0.9543
1274_gt_image.png             44.77    0.9918     34.26    0.9697
1275_gt_image.png             41.12    0.9937     36.96    0.9776
1276_gt_image.png             44.95    0.9932     35.42    0.9765
1277_gt_image.png             39.44    0.9879     29.45    0.9595
1278_gt_image.png             37.61    0.9784     26.12    0.9192
1279_gt_image.png             42.02    0.9903     32.32    0.9656
127_gt_image.png              41.96    0.9829     33.94    0.9657
1280_gt_image.png             44.79    0.9908     34.18    0.9680
1281_gt_image.png             43.55    0.9909     33.34    0.9748
1282_gt_image.png             33.65    0.9787     28.11    0.9535
1283_gt_image.png             37.78    0.9852     30.96    0.9662
1284_gt_image.png             44.46    0.9913     35.74    0.9750
1285_gt_image.png             46.75    0.9935     38.12    0.9778
1286_gt_image.png             46.44    0.9933     36.99    0.9797
1287_gt_image.png             41.61    0.9865     35.39    0.9747
1288_gt_image.png             37.11    0.9774     28.15    0.9452
1289_gt_image.png             43.15    0.9892     34.30    0.9738
128_gt_image.png              34.04    0.9671     28.35    0.9377
1290_gt_image.png             43.81    0.9906     34.29    0.9721
1291_gt_image.png             43.59    0.9901     32.50    0.9654
1292_gt_image.png             39.58    0.9788     27.49    0.9410
1293_gt_image.png             41.30    0.9860     29.37    0.9529
1294_gt_image.png             45.38    0.9902     34.04    0.9676
1295_gt_image.png             44.29    0.9911     35.00    0.9750
1296_gt_image.png             46.55    0.9924     34.62    0.9744
1297_gt_image.png             36.01    0.9832     27.50    0.9531
1298_gt_image.png             35.35    0.9741     25.29    0.9187
1299_gt_image.png             43.98    0.9886     31.68    0.9642
129_gt_image.png              42.04    0.9868     31.59    0.9630
12_gt_image.png               40.03    0.9771     27.64    0.9308
1300_gt_image.png             43.88    0.9890     31.12    0.9660
1301_gt_image.png             38.54    0.9895     30.50    0.9735
1302_gt_image.png             33.28    0.9771     27.51    0.9535
1303_gt_image.png             39.12    0.9857     29.84    0.9668
1304_gt_image.png             46.96    0.9921     35.84    0.9754
1305_gt_image.png             48.54    0.9936     37.76    0.9789
1306_gt_image.png             47.35    0.9932     36.22    0.9797
1307_gt_image.png             34.57    0.9847     29.81    0.9676
1308_gt_image.png             33.46    0.9754     26.09    0.9350
1309_gt_image.png             44.77    0.9907     34.08    0.9738
130_gt_image.png              42.06    0.9862     32.18    0.9604
1310_gt_image.png             45.43    0.9908     34.17    0.9713
1311_gt_image.png             38.29    0.9899     31.74    0.9704
1312_gt_image.png             33.23    0.9790     27.44    0.9481
1313_gt_image.png             37.99    0.9862     29.85    0.9608
1314_gt_image.png             47.12    0.9925     35.47    0.9719
1315_gt_image.png             46.14    0.9939     37.39    0.9779
1316_gt_image.png             46.79    0.9931     35.82    0.9774
1317_gt_image.png             36.95    0.9859     29.34    0.9626
1318_gt_image.png             34.61    0.9749     25.68    0.9241
1319_gt_image.png             45.46    0.9913     33.72    0.9710
131_gt_image.png              41.71    0.9889     30.48    0.9613
1320_gt_image.png             45.03    0.9915     34.53    0.9703
1321_gt_image.png             45.19    0.9910     32.37    0.9658
1322_gt_image.png             39.39    0.9819     27.41    0.9404
1323_gt_image.png             40.84    0.9869     29.12    0.9541
1324_gt_image.png             40.08    0.9908     34.55    0.9683
1325_gt_image.png             46.32    0.9938     36.24    0.9772
1326_gt_image.png             36.80    0.9914     35.19    0.9734
1327_gt_image.png             38.22    0.9871     29.04    0.9573
1328_gt_image.png             35.27    0.9788     25.92    0.9246
1329_gt_image.png             39.44    0.9893     32.85    0.9642
132_gt_image.png              35.89    0.9778     27.37    0.9377
1330_gt_image.png             40.34    0.9886     33.15    0.9644
1331_gt_image.png             32.61    0.9874     33.39    0.9756
1332_gt_image.png             31.83    0.9778     27.93    0.9545
1333_gt_image.png             33.70    0.9813     28.80    0.9638
1334_gt_image.png             44.93    0.9919     36.23    0.9765
1335_gt_image.png             46.54    0.9938     37.20    0.9778
1336_gt_image.png             46.48    0.9938     37.62    0.9794
1337_gt_image.png             39.01    0.9858     33.44    0.9732
1338_gt_image.png             34.72    0.9744     27.82    0.9454
1339_gt_image.png             40.14    0.9894     33.27    0.9728
133_gt_image.png              39.82    0.9843     28.81    0.9508
1340_gt_image.png             44.05    0.9905     34.75    0.9730
1341_gt_image.png             39.64    0.9894     33.56    0.9729
1342_gt_image.png             33.72    0.9785     28.25    0.9505
1343_gt_image.png             35.57    0.9818     29.31    0.9604
1344_gt_image.png             42.05    0.9897     34.79    0.9706
1345_gt_image.png             45.96    0.9923     36.01    0.9744
1346_gt_image.png             46.65    0.9927     37.12    0.9730
1347_gt_image.png             39.34    0.9851     32.95    0.9694
1348_gt_image.png             33.63    0.9713     28.05    0.9415
1349_gt_image.png             45.29    0.9913     36.12    0.9701
134_gt_image.png              46.01    0.9908     34.46    0.9635
1350_gt_image.png             45.23    0.9911     35.83    0.9694
1351_gt_image.png             42.19    0.9907     32.64    0.9664
1352_gt_image.png             37.72    0.9816     27.40    0.9430
1353_gt_image.png             39.45    0.9864     29.53    0.9546
1354_gt_image.png             44.80    0.9918     34.87    0.9703
1355_gt_image.png             46.72    0.9939     37.25    0.9781
1356_gt_image.png             41.03    0.9926     34.38    0.9741
1357_gt_image.png             40.46    0.9886     29.22    0.9563
1358_gt_image.png             37.56    0.9786     24.86    0.9185
1359_gt_image.png             42.72    0.9899     32.79    0.9663
135_gt_image.png              46.58    0.9923     35.86    0.9684
1360_gt_image.png             41.57    0.9891     33.92    0.9669
1361_gt_image.png             38.54    0.9882     32.69    0.9718
1362_gt_image.png             38.05    0.9796     27.86    0.9501
1363_gt_image.png             30.82    0.9821     30.82    0.9657
1364_gt_image.png             45.36    0.9917     36.68    0.9754
1365_gt_image.png             48.35    0.9936     39.15    0.9809
1366_gt_image.png             46.25    0.9922     36.03    0.9785
1367_gt_image.png             43.22    0.9867     30.61    0.9638
1368_gt_image.png             40.05    0.9728     27.32    0.9334
1369_gt_image.png             45.88    0.9906     34.96    0.9716
136_gt_image.png              44.83    0.9914     33.59    0.9688
1370_gt_image.png             44.98    0.9908     35.41    0.9716
1371_gt_image.png             45.53    0.9917     32.28    0.9652
1372_gt_image.png             39.14    0.9822     27.29    0.9437
1373_gt_image.png             40.35    0.9866     28.27    0.9536
1374_gt_image.png             47.56    0.9926     34.41    0.9707
1375_gt_image.png             49.02    0.9943     36.36    0.9771
1376_gt_image.png             48.23    0.9936     35.26    0.9756
1377_gt_image.png             40.02    0.9871     27.97    0.9543
1378_gt_image.png             37.94    0.9770     24.99    0.9156
1379_gt_image.png             46.33    0.9909     32.88    0.9663
137_gt_image.png              41.02    0.9836     33.56    0.9627
1380_gt_image.png             45.67    0.9911     32.50    0.9673
1381_gt_image.png             41.97    0.9893     30.77    0.9684
1382_gt_image.png             35.92    0.9781     25.35    0.9449
1383_gt_image.png             38.45    0.9839     27.97    0.9576
1384_gt_image.png             45.22    0.9912     33.98    0.9749
1385_gt_image.png             47.22    0.9933     36.35    0.9783
1386_gt_image.png             46.89    0.9932     35.55    0.9790
1387_gt_image.png             36.33    0.9835     27.63    0.9582
1388_gt_image.png             34.13    0.9716     24.47    0.9226
1389_gt_image.png             44.56    0.9905     32.91    0.9728
138_gt_image.png              35.73    0.9700     25.95    0.9209
1390_gt_image.png             44.12    0.9893     32.32    0.9701
1391_gt_image.png             42.38    0.9890     30.73    0.9692
1392_gt_image.png             34.30    0.9740     24.84    0.9471
1393_gt_image.png             39.47    0.9833     29.23    0.9609
1394_gt_image.png             44.95    0.9915     33.86    0.9749
1395_gt_image.png             47.69    0.9930     35.59    0.9769
1396_gt_image.png             46.95    0.9929     34.70    0.9778
1397_gt_image.png             36.66    0.9842     29.53    0.9635
1398_gt_image.png             33.31    0.9688     24.98    0.9259
1399_gt_image.png             43.14    0.9899     32.76    0.9711
139_gt_image.png              44.99    0.9900     33.44    0.9612
13_gt_image.png               36.86    0.9821     28.98    0.9465
1400_gt_image.png             42.39    0.9899     32.61    0.9718
1401_gt_image.png             45.06    0.9912     31.81    0.9657
1402_gt_image.png             38.63    0.9817     27.06    0.9430
1403_gt_image.png             39.03    0.9853     27.29    0.9508
1404_gt_image.png             47.65    0.9927     34.66    0.9728
1405_gt_image.png             48.59    0.9939     35.65    0.9773
1406_gt_image.png             47.41    0.9937     35.44    0.9772
1407_gt_image.png             42.06    0.9874     28.92    0.9586
1408_gt_image.png             38.70    0.9776     25.19    0.9247
1409_gt_image.png             46.24    0.9911     32.98    0.9708
140_gt_image.png              42.77    0.9884     32.08    0.9575
1410_gt_image.png             45.60    0.9911     32.71    0.9678
1411_gt_image.png             47.13    0.9922     33.49    0.9656
1412_gt_image.png             39.89    0.9835     27.41    0.9437
1413_gt_image.png             43.70    0.9882     30.37    0.9538
1414_gt_image.png             47.06    0.9921     33.75    0.9702
1415_gt_image.png             49.23    0.9945     36.74    0.9783
1416_gt_image.png             47.49    0.9935     34.90    0.9751
1417_gt_image.png             38.78    0.9875     27.57    0.9574
1418_gt_image.png             37.52    0.9784     25.63    0.9221
1419_gt_image.png             45.59    0.9907     32.08    0.9655
141_gt_image.png              41.24    0.9895     30.45    0.9663
1420_gt_image.png             43.90    0.9895     30.96    0.9652
1421_gt_image.png             41.44    0.9882     30.66    0.9694
1422_gt_image.png             33.89    0.9726     25.43    0.9480
1423_gt_image.png             41.21    0.9841     30.20    0.9645
1424_gt_image.png             43.59    0.9908     33.28    0.9737
1425_gt_image.png             47.79    0.9929     36.02    0.9771
1426_gt_image.png             46.74    0.9929     34.74    0.9782
1427_gt_image.png             34.83    0.9822     30.76    0.9651
1428_gt_image.png             32.34    0.9664     26.52    0.9334
1429_gt_image.png             43.38    0.9907     32.43    0.9721
142_gt_image.png              34.97    0.9777     26.54    0.9387
1430_gt_image.png             44.58    0.9909     31.86    0.9712
1431_gt_image.png             40.44    0.9881     31.70    0.9750
1432_gt_image.png             33.92    0.9751     25.26    0.9526
1433_gt_image.png             36.45    0.9836     30.00    0.9684
1434_gt_image.png             43.05    0.9909     36.84    0.9808
1435_gt_image.png             43.47    0.9916     39.72    0.9871
1436_gt_image.png             43.96    0.9921     36.95    0.9800
1437_gt_image.png             33.46    0.9804     31.72    0.9718
1438_gt_image.png             32.85    0.9703     29.76    0.9586
1439_gt_image.png             43.34    0.9908     35.72    0.9760
143_gt_image.png              38.65    0.9855     29.22    0.9557
1440_gt_image.png             42.63    0.9906     36.13    0.9774
1441_gt_image.png             42.70    0.9904     33.50    0.9782
1442_gt_image.png             34.15    0.9763     25.77    0.9609
1443_gt_image.png             38.59    0.9842     30.33    0.9694
1444_gt_image.png             45.14    0.9916     37.57    0.9841
1445_gt_image.png             43.58    0.9934     36.84    0.9854
1446_gt_image.png             45.50    0.9928     36.43    0.9836
1447_gt_image.png             41.26    0.9870     36.19    0.9827
1448_gt_image.png             32.27    0.9716     29.50    0.9603
1449_gt_image.png             40.99    0.9898     34.50    0.9803
144_gt_image.png              44.05    0.9908     33.75    0.9628
1450_gt_image.png             39.70    0.9887     33.81    0.9804
1451_gt_image.png             41.04    0.9896     33.57    0.9751
1452_gt_image.png             35.30    0.9796     27.16    0.9620
1453_gt_image.png             36.75    0.9831     27.88    0.9662
1454_gt_image.png             44.52    0.9916     36.56    0.9826
1455_gt_image.png             45.58    0.9925     35.43    0.9833
1456_gt_image.png             46.71    0.9938     37.81    0.9871
1457_gt_image.png             33.25    0.9836     32.00    0.9755
1458_gt_image.png             30.77    0.9669     28.22    0.9512
1459_gt_image.png             43.30    0.9904     32.36    0.9792
145_gt_image.png              43.36    0.9931     36.51    0.9694
1460_gt_image.png             43.01    0.9907     32.62    0.9788
1461_gt_image.png             40.50    0.9903     33.00    0.9819
1462_gt_image.png             36.35    0.9806     26.41    0.9612
1463_gt_image.png             40.39    0.9849     30.15    0.9726
1464_gt_image.png             44.96    0.9920     35.83    0.9830
1465_gt_image.png             48.65    0.9933     39.47    0.9889
1466_gt_image.png             48.59    0.9940     37.58    0.9838
1467_gt_image.png             43.11    0.9860     33.94    0.9818
1468_gt_image.png             39.65    0.9740     30.37    0.9692
1469_gt_image.png             46.93    0.9924     34.99    0.9792
146_gt_image.png              44.59    0.9918     34.04    0.9690
1470_gt_image.png             46.29    0.9917     34.64    0.9801
1471_gt_image.png             39.25    0.9900     31.30    0.9795
1472_gt_image.png             34.54    0.9793     25.81    0.9605
1473_gt_image.png             38.45    0.9847     28.50    0.9712
1474_gt_image.png             45.97    0.9929     35.84    0.9838
1475_gt_image.png             48.19    0.9938     38.09    0.9874
1476_gt_image.png             47.58    0.9939     35.87    0.9836
1477_gt_image.png             43.74    0.9880     35.92    0.9843
1478_gt_image.png             39.75    0.9760     30.82    0.9686
1479_gt_image.png             44.36    0.9912     33.64    0.9781
147_gt_image.png              35.13    0.9831     30.19    0.9560
1480_gt_image.png             44.13    0.9912     33.55    0.9782
1481_gt_image.png             39.33    0.9885     32.49    0.9714
1482_gt_image.png             32.54    0.9765     27.29    0.9524
1483_gt_image.png             35.87    0.9807     28.22    0.9604
1484_gt_image.png             46.13    0.9916     36.13    0.9756
1485_gt_image.png             45.81    0.9922     35.54    0.9756
1486_gt_image.png             47.01    0.9931     37.77    0.9794
1487_gt_image.png             41.69    0.9869     35.51    0.9733
1488_gt_image.png             32.90    0.9741     30.09    0.9527
1489_gt_image.png             41.04    0.9897     34.08    0.9730
148_gt_image.png              32.34    0.9716     24.39    0.9152
1490_gt_image.png             40.32    0.9891     33.75    0.9704
1491_gt_image.png             38.20    0.9877     30.92    0.9699
1492_gt_image.png             32.13    0.9752     26.44    0.9498
1493_gt_image.png             35.80    0.9814     28.19    0.9585
1494_gt_image.png             44.81    0.9906     36.29    0.9761
1495_gt_image.png             42.63    0.9916     35.44    0.9774
1496_gt_image.png             46.53    0.9927     37.16    0.9777
1497_gt_image.png             40.43    0.9850     34.13    0.9733
1498_gt_image.png             32.88    0.9709     27.85    0.9491
1499_gt_image.png             44.34    0.9912     34.77    0.9744
149_gt_image.png              42.26    0.9897     32.42    0.9615
14_gt_image.png               42.04    0.9890     34.77    0.9612
1500_gt_image.png             43.38    0.9906     33.84    0.9738
1501_gt_image.png             38.73    0.9883     30.81    0.9721
1502_gt_image.png             31.90    0.9760     26.62    0.9552
1503_gt_image.png             34.52    0.9832     29.92    0.9659
1504_gt_image.png             43.17    0.9910     35.66    0.9767
1505_gt_image.png             47.27    0.9924     36.19    0.9760
1506_gt_image.png             46.29    0.9928     37.18    0.9806
1507_gt_image.png             34.71    0.9832     31.17    0.9678
1508_gt_image.png             32.45    0.9714     28.44    0.9459
1509_gt_image.png             41.22    0.9894     33.07    0.9729
150_gt_image.png              42.88    0.9896     33.04    0.9596
1510_gt_image.png             41.82    0.9892     33.08    0.9718
1511_gt_image.png             40.40    0.9905     30.70    0.9707
1512_gt_image.png             32.89    0.9764     26.71    0.9508
1513_gt_image.png             37.80    0.9856     29.52    0.9650
1514_gt_image.png             40.70    0.9913     35.04    0.9751
1515_gt_image.png             45.42    0.9938     36.45    0.9777
1516_gt_image.png             44.53    0.9935     35.97    0.9793
1517_gt_image.png             34.50    0.9842     31.06    0.9667
1518_gt_image.png             32.56    0.9732     27.69    0.9424
1519_gt_image.png             43.83    0.9901     32.61    0.9711
151_gt_image.png              39.14    0.9882     31.64    0.9660
1520_gt_image.png             42.74    0.9898     33.05    0.9694
1521_gt_image.png             38.38    0.9883     31.25    0.9728
1522_gt_image.png             32.03    0.9756     26.44    0.9530
1523_gt_image.png             36.85    0.9826     29.76    0.9643
1524_gt_image.png             45.49    0.9910     36.70    0.9766
1525_gt_image.png             46.77    0.9922     36.87    0.9771
1526_gt_image.png             46.01    0.9924     36.99    0.9799
1527_gt_image.png             36.96    0.9850     34.72    0.9706
1528_gt_image.png             32.55    0.9726     30.25    0.9489
1529_gt_image.png             43.27    0.9897     34.28    0.9738
152_gt_image.png              35.18    0.9768     27.23    0.9418
1530_gt_image.png             43.01    0.9891     33.90    0.9731
1531_gt_image.png             36.87    0.9873     29.99    0.9695
1532_gt_image.png             31.56    0.9750     25.73    0.9521
1533_gt_image.png             36.82    0.9821     28.16    0.9608
1534_gt_image.png             45.10    0.9913     36.00    0.9751
1535_gt_image.png             45.50    0.9928     36.61    0.9773
1536_gt_image.png             46.35    0.9931     37.10    0.9782
1537_gt_image.png             40.64    0.9857     34.55    0.9725
1538_gt_image.png             33.39    0.9735     29.48    0.9499
1539_gt_image.png             41.13    0.9892     33.38    0.9728
153_gt_image.png              37.93    0.9826     28.41    0.9526
1540_gt_image.png             40.03    0.9891     33.34    0.9720
1541_gt_image.png             40.70    0.9903     32.98    0.9750
1542_gt_image.png             36.96    0.9826     27.34    0.9521
1543_gt_image.png             38.58    0.9863     29.57    0.9655
1544_gt_image.png             41.24    0.9921     36.35    0.9790
1545_gt_image.png             47.42    0.9939     37.96    0.9840
1546_gt_image.png             43.92    0.9941     38.27    0.9817
1547_gt_image.png             39.22    0.9861     30.16    0.9703
1548_gt_image.png             36.65    0.9780     26.98    0.9448
1549_gt_image.png             40.72    0.9915     34.81    0.9763
154_gt_image.png              45.33    0.9907     35.43    0.9665
1550_gt_image.png             40.68    0.9907     33.20    0.9755
1551_gt_image.png             39.13    0.9881     31.77    0.9793
1552_gt_image.png             35.54    0.9804     26.27    0.9620
1553_gt_image.png             39.68    0.9851     29.34    0.9723
1554_gt_image.png             44.97    0.9918     36.36    0.9842
1555_gt_image.png             40.46    0.9917     34.59    0.9854
1556_gt_image.png             46.24    0.9938     37.54    0.9864
1557_gt_image.png             39.90    0.9844     33.44    0.9804
1558_gt_image.png             37.96    0.9744     30.67    0.9705
1559_gt_image.png             43.36    0.9905     32.51    0.9795
155_gt_image.png              43.98    0.9914     35.96    0.9693
1560_gt_image.png             40.95    0.9880     33.61    0.9789
1561_gt_image.png             38.63    0.9868     31.63    0.9853
1562_gt_image.png             32.91    0.9739     26.68    0.9683
1563_gt_image.png             34.01    0.9792     29.76    0.9793
1564_gt_image.png             40.24    0.9879     37.96    0.9910
1565_gt_image.png             39.63    0.9897     35.86    0.9905
1566_gt_image.png             43.30    0.9911     39.73    0.9920
1567_gt_image.png             33.12    0.9796     33.00    0.9831
1568_gt_image.png             29.92    0.9630     29.08    0.9667
1569_gt_image.png             41.19    0.9892     33.92    0.9891
156_gt_image.png              44.54    0.9916     35.73    0.9709
1570_gt_image.png             41.79    0.9889     34.92    0.9891
1571_gt_image.png             31.32    0.9873     32.50    0.9804
1572_gt_image.png             27.67    0.9725     26.66    0.9577
1573_gt_image.png             32.23    0.9818     29.89    0.9720
1574_gt_image.png             40.31    0.9908     37.15    0.9847
1575_gt_image.png             43.38    0.9934     35.60    0.9860
1576_gt_image.png             42.75    0.9941     39.40    0.9863
1577_gt_image.png             34.59    0.9850     33.44    0.9790
1578_gt_image.png             30.72    0.9662     29.28    0.9595
1579_gt_image.png             40.57    0.9920     35.60    0.9825
157_gt_image.png              42.55    0.9847     33.70    0.9638
1580_gt_image.png             40.50    0.9915     35.94    0.9816
1581_gt_image.png             43.88    0.9931     35.72    0.9736
1582_gt_image.png             25.06    0.9725     29.68    0.9550
1583_gt_image.png             35.30    0.9869     30.58    0.9658
1584_gt_image.png             46.76    0.9934     35.59    0.9743
1585_gt_image.png             49.87    0.9954     38.23    0.9815
1586_gt_image.png             44.47    0.9945     37.52    0.9797
1587_gt_image.png             43.75    0.9904     31.85    0.9683
1588_gt_image.png             40.36    0.9805     27.59    0.9422
1589_gt_image.png             43.85    0.9926     34.31    0.9734
158_gt_image.png              35.93    0.9726     28.31    0.9305
1590_gt_image.png             44.01    0.9926     34.48    0.9727
1591_gt_image.png             40.49    0.9921     34.06    0.9786
1592_gt_image.png             31.55    0.9819     28.36    0.9570
1593_gt_image.png             39.14    0.9889     31.42    0.9705
1594_gt_image.png             47.73    0.9942     37.73    0.9786
1595_gt_image.png             49.08    0.9956     39.98    0.9851
1596_gt_image.png             46.93    0.9938     36.98    0.9802
1597_gt_image.png             36.64    0.9875     30.10    0.9677
1598_gt_image.png             35.92    0.9792     28.69    0.9471
1599_gt_image.png             48.67    0.9935     36.72    0.9774
159_gt_image.png              42.76    0.9892     33.64    0.9625
15_gt_image.png               41.65    0.9915     37.46    0.9714
1600_gt_image.png             46.49    0.9936     36.71    0.9768
1601_gt_image.png             39.91    0.9915     32.47    0.9770
1602_gt_image.png             30.99    0.9808     27.54    0.9578
1603_gt_image.png             30.40    0.9830     30.20    0.9681
1604_gt_image.png             49.41    0.9951     39.83    0.9789
1605_gt_image.png             50.07    0.9954     39.94    0.9830
1606_gt_image.png             48.68    0.9952     40.00    0.9810
1607_gt_image.png             40.52    0.9898     30.84    0.9702
1608_gt_image.png             39.99    0.9812     29.14    0.9512
1609_gt_image.png             48.48    0.9942     38.17    0.9764
160_gt_image.png              41.75    0.9867     31.10    0.9567
1610_gt_image.png             48.43    0.9942     37.71    0.9766
1611_gt_image.png             38.89    0.9927     34.79    0.9792
1612_gt_image.png             38.71    0.9864     28.74    0.9592
1613_gt_image.png             35.80    0.9875     30.41    0.9694
1614_gt_image.png             47.35    0.9936     36.29    0.9788
1615_gt_image.png             50.84    0.9953     38.54    0.9853
1616_gt_image.png             47.49    0.9941     36.61    0.9821
1617_gt_image.png             43.31    0.9891     30.50    0.9687
1618_gt_image.png             40.29    0.9773     27.37    0.9397
1619_gt_image.png             47.83    0.9929     34.85    0.9759
161_gt_image.png              38.43    0.9868     32.32    0.9659
1620_gt_image.png             47.89    0.9929     34.86    0.9759
1621_gt_image.png             42.88    0.9914     33.84    0.9802
1622_gt_image.png             31.24    0.9806     27.73    0.9608
1623_gt_image.png             32.48    0.9845     29.03    0.9696
1624_gt_image.png             48.99    0.9931     37.57    0.9830
1625_gt_image.png             49.04    0.9941     38.35    0.9864
1626_gt_image.png             46.30    0.9931     36.56    0.9835
1627_gt_image.png             38.00    0.9867     28.10    0.9691
1628_gt_image.png             36.23    0.9788     26.78    0.9466
1629_gt_image.png             46.89    0.9912     34.42    0.9770
162_gt_image.png              36.28    0.9767     28.27    0.9422
1630_gt_image.png             46.52    0.9910     33.83    0.9778
1631_gt_image.png             42.72    0.9902     33.27    0.9700
1632_gt_image.png             39.62    0.9831     28.60    0.9462
1633_gt_image.png             39.14    0.9856     27.80    0.9548
1634_gt_image.png             46.91    0.9920     35.56    0.9703
1635_gt_image.png             49.28    0.9943     37.59    0.9753
1636_gt_image.png             46.49    0.9925     34.24    0.9727
1637_gt_image.png             39.49    0.9849     29.95    0.9569
1638_gt_image.png             35.99    0.9712     24.83    0.9177
1639_gt_image.png             45.94    0.9904     34.58    0.9688
163_gt_image.png              38.11    0.9830     29.27    0.9553
1640_gt_image.png             46.08    0.9914     35.61    0.9682
1641_gt_image.png             43.14    0.9911     32.30    0.9743
1642_gt_image.png             34.14    0.9786     25.97    0.9554
1643_gt_image.png             37.72    0.9851     29.52    0.9649
1644_gt_image.png             45.92    0.9915     35.12    0.9757
1645_gt_image.png             44.61    0.9932     37.62    0.9784
1646_gt_image.png             45.05    0.9929     34.75    0.9805
1647_gt_image.png             34.50    0.9829     30.67    0.9687
1648_gt_image.png             32.27    0.9731     25.98    0.9392
1649_gt_image.png             44.42    0.9915     33.72    0.9740
164_gt_image.png              44.50    0.9895     36.19    0.9698
1650_gt_image.png             43.26    0.9889     31.65    0.9678
1651_gt_image.png             42.99    0.9908     31.24    0.9725
1652_gt_image.png             34.64    0.9790     26.42    0.9539
1653_gt_image.png             37.69    0.9846     28.24    0.9604
1654_gt_image.png             47.07    0.9914     35.23    0.9742
1655_gt_image.png             48.17    0.9932     38.07    0.9788
1656_gt_image.png             46.19    0.9928     34.93    0.9788
1657_gt_image.png             36.78    0.9854     31.39    0.9698
1658_gt_image.png             34.78    0.9738     25.33    0.9343
1659_gt_image.png             45.88    0.9914     34.00    0.9741
165_gt_image.png              44.77    0.9905     35.03    0.9707
1660_gt_image.png             44.01    0.9905     33.65    0.9707
1661_gt_image.png             34.81    0.9875     30.29    0.9747
1662_gt_image.png             29.40    0.9723     25.69    0.9521
1663_gt_image.png             34.17    0.9831     27.61    0.9672
1664_gt_image.png             45.55    0.9920     36.11    0.9794
1665_gt_image.png             45.72    0.9927     36.11    0.9792
1666_gt_image.png             43.21    0.9934     37.04    0.9822
1667_gt_image.png             36.21    0.9844     30.50    0.9760
1668_gt_image.png             33.00    0.9697     27.40    0.9528
1669_gt_image.png             42.58    0.9901     31.86    0.9750
166_gt_image.png              47.19    0.9912     36.65    0.9702
1670_gt_image.png             43.14    0.9897     32.31    0.9722
1671_gt_image.png             40.07    0.9900     30.71    0.9730
1672_gt_image.png             33.91    0.9778     26.46    0.9535
1673_gt_image.png             36.39    0.9847     28.50    0.9631
1674_gt_image.png             45.21    0.9914     34.98    0.9739
1675_gt_image.png             47.78    0.9930     37.26    0.9777
1676_gt_image.png             47.52    0.9936     35.75    0.9807
1677_gt_image.png             35.09    0.9842     32.73    0.9701
1678_gt_image.png             32.77    0.9722     26.63    0.9409
1679_gt_image.png             45.08    0.9906     33.05    0.9719
167_gt_image.png              37.55    0.9810     33.20    0.9623
1680_gt_image.png             43.99    0.9894     32.11    0.9682
1681_gt_image.png             39.37    0.9889     31.18    0.9756
1682_gt_image.png             32.20    0.9764     25.37    0.9546
1683_gt_image.png             36.48    0.9839     28.79    0.9653
1684_gt_image.png             45.25    0.9918     35.82    0.9778
1685_gt_image.png             47.90    0.9934     37.44    0.9804
1686_gt_image.png             47.04    0.9935     36.19    0.9816
1687_gt_image.png             40.79    0.9861     33.90    0.9779
1688_gt_image.png             34.41    0.9737     28.87    0.9539
1689_gt_image.png             43.16    0.9897     31.43    0.9730
168_gt_image.png              33.10    0.9652     29.72    0.9372
1690_gt_image.png             43.53    0.9891     32.39    0.9701
1691_gt_image.png             32.52    0.9864     30.45    0.9747
1692_gt_image.png             32.42    0.9734     25.54    0.9528
1693_gt_image.png             36.70    0.9848     28.27    0.9677
1694_gt_image.png             42.18    0.9911     36.25    0.9792
1695_gt_image.png             47.72    0.9937     37.45    0.9813
1696_gt_image.png             46.24    0.9942     37.60    0.9835
1697_gt_image.png             36.91    0.9849     31.10    0.9749
1698_gt_image.png             32.36    0.9705     28.42    0.9520
1699_gt_image.png             42.86    0.9912     32.62    0.9766
169_gt_image.png              40.59    0.9869     33.26    0.9646
16_gt_image.png               43.20    0.9906     35.43    0.9687
1700_gt_image.png             41.77    0.9899     32.95    0.9737
1701_gt_image.png             43.14    0.9899     33.70    0.9716
1702_gt_image.png             39.48    0.9808     27.30    0.9421
1703_gt_image.png             42.72    0.9873     30.51    0.9610
1704_gt_image.png             48.83    0.9937     37.60    0.9754
1705_gt_image.png             50.14    0.9947     39.36    0.9803
1706_gt_image.png             48.76    0.9938     37.49    0.9778
1707_gt_image.png             40.65    0.9870     28.91    0.9595
1708_gt_image.png             38.84    0.9786     27.00    0.9281
1709_gt_image.png             48.13    0.9934     37.30    0.9737
170_gt_image.png              39.78    0.9872     32.56    0.9636
1710_gt_image.png             47.34    0.9934     37.37    0.9724
1711_gt_image.png             43.74    0.9910     32.18    0.9733
1712_gt_image.png             38.54    0.9803     26.71    0.9475
1713_gt_image.png             39.59    0.9872     28.99    0.9631
1714_gt_image.png             44.79    0.9922     35.87    0.9752
1715_gt_image.png             47.84    0.9941     38.15    0.9829
1716_gt_image.png             47.81    0.9937     34.97    0.9782
1717_gt_image.png             43.69    0.9886     29.85    0.9641
1718_gt_image.png             41.37    0.9811     27.78    0.9374
1719_gt_image.png             44.71    0.9914     33.36    0.9714
171_gt_image.png              28.21    0.9815     32.03    0.9712
1720_gt_image.png             45.66    0.9912     33.63    0.9718
1721_gt_image.png             39.47    0.9824     31.61    0.9711
1722_gt_image.png             36.43    0.9619     27.48    0.9514
1723_gt_image.png             40.64    0.9699     29.81    0.9683
1724_gt_image.png             45.52    0.9911     35.57    0.9831
1725_gt_image.png             44.48    0.9929     32.48    0.9817
1726_gt_image.png             44.80    0.9925     35.77    0.9864
1727_gt_image.png             37.16    0.9771     27.86    0.9692
1728_gt_image.png             34.08    0.9553     23.15    0.9317
1729_gt_image.png             38.84    0.9876     31.23    0.9769
172_gt_image.png              31.47    0.9772     27.89    0.9512
1730_gt_image.png             40.01    0.9871     32.27    0.9774
1731_gt_image.png             45.24    0.9805     34.19    0.9765
1732_gt_image.png             39.15    0.9504     29.17    0.9570
1733_gt_image.png             40.08    0.9578     29.06    0.9596
1734_gt_image.png             46.34    0.9898     33.38    0.9762
1735_gt_image.png             44.97    0.9907     31.50    0.9819
1736_gt_image.png             46.56    0.9918     34.73    0.9833
1737_gt_image.png             42.91    0.9804     29.37    0.9640
1738_gt_image.png             38.16    0.9487     24.99    0.9249
1739_gt_image.png             43.54    0.9868     31.21    0.9704
173_gt_image.png              33.64    0.9837     30.40    0.9642
1740_gt_image.png             44.61    0.9878     31.32    0.9725
1741_gt_image.png             40.22    0.9848     31.50    0.9821
1742_gt_image.png             35.23    0.9746     26.77    0.9657
1743_gt_image.png             33.17    0.9771     29.63    0.9761
1744_gt_image.png             40.58    0.9893     36.59    0.9882
1745_gt_image.png             41.92    0.9919     37.03    0.9898
1746_gt_image.png             44.45    0.9915     36.28    0.9869
1747_gt_image.png             37.87    0.9798     33.71    0.9850
1748_gt_image.png             33.20    0.9588     28.18    0.9655
1749_gt_image.png             43.32    0.9905     35.51    0.9856
174_gt_image.png              47.73    0.9923     37.18    0.9747
1750_gt_image.png             40.46    0.9881     33.00    0.9835
1751_gt_image.png             43.42    0.9885     33.88    0.9805
1752_gt_image.png             38.12    0.9773     28.22    0.9654
1753_gt_image.png             35.70    0.9703     28.06    0.9714
1754_gt_image.png             45.52    0.9908     37.43    0.9875
1755_gt_image.png             41.80    0.9916     36.60    0.9884
1756_gt_image.png             41.55    0.9916     35.94    0.9878
1757_gt_image.png             35.33    0.9805     32.60    0.9808
1758_gt_image.png             32.39    0.9589     27.83    0.9579
1759_gt_image.png             43.70    0.9906     34.52    0.9848
175_gt_image.png              45.56    0.9919     37.33    0.9793
1760_gt_image.png             42.59    0.9891     35.03    0.9842
1761_gt_image.png             32.03    0.9892     33.36    0.9765
1762_gt_image.png             37.18    0.9828     27.33    0.9573
1763_gt_image.png             29.62    0.9846     30.22    0.9710
1764_gt_image.png             47.87    0.9930     35.55    0.9767
1765_gt_image.png             48.81    0.9945     37.02    0.9849
1766_gt_image.png             48.97    0.9948     37.21    0.9836
1767_gt_image.png             40.80    0.9894     28.94    0.9682
1768_gt_image.png             37.30    0.9836     27.65    0.9443
1769_gt_image.png             43.38    0.9922     33.46    0.9768
176_gt_image.png              48.71    0.9929     37.13    0.9791
1770_gt_image.png             45.29    0.9924     34.16    0.9775
1771_gt_image.png             31.97    0.9878     33.75    0.9715
1772_gt_image.png             25.59    0.9714     26.65    0.9447
1773_gt_image.png             30.06    0.9829     30.87    0.9619
1774_gt_image.png             46.13    0.9930     37.66    0.9731
1775_gt_image.png             49.59    0.9943     38.94    0.9775
1776_gt_image.png             46.44    0.9923     35.99    0.9735
1777_gt_image.png             44.22    0.9903     32.83    0.9651
1778_gt_image.png             42.93    0.9858     30.56    0.9413
1779_gt_image.png             46.01    0.9917     35.33    0.9698
177_gt_image.png              38.35    0.9850     30.20    0.9630
1780_gt_image.png             48.12    0.9925     36.31    0.9683
1781_gt_image.png             43.72    0.9920     34.13    0.9731
1782_gt_image.png             30.90    0.9805     27.96    0.9484
1783_gt_image.png             34.88    0.9867     31.45    0.9640
1784_gt_image.png             43.90    0.9926     36.15    0.9732
1785_gt_image.png             48.87    0.9949     38.95    0.9795
1786_gt_image.png             47.27    0.9933     36.14    0.9763
1787_gt_image.png             42.54    0.9893     29.32    0.9603
1788_gt_image.png             40.13    0.9817     26.63    0.9315
1789_gt_image.png             46.89    0.9919     34.35    0.9713
178_gt_image.png              37.60    0.9758     27.83    0.9373
1790_gt_image.png             45.54    0.9918     34.89    0.9716
1791_gt_image.png             38.69    0.9893     31.13    0.9755
1792_gt_image.png             32.82    0.9790     26.14    0.9554
1793_gt_image.png             37.27    0.9843     27.74    0.9655
1794_gt_image.png             44.85    0.9929     37.58    0.9785
1795_gt_image.png             48.84    0.9947     38.47    0.9812
1796_gt_image.png             45.89    0.9940     35.80    0.9807
1797_gt_image.png             42.13    0.9868     35.52    0.9788
1798_gt_image.png             34.79    0.9753     30.04    0.9574
1799_gt_image.png             41.77    0.9904     32.83    0.9743
179_gt_image.png              46.13    0.9908     35.64    0.9733
17_gt_image.png               39.78    0.9830     27.94    0.9484
1800_gt_image.png             43.75    0.9901     32.59    0.9689
1801_gt_image.png             40.74    0.9912     32.84    0.9843
1802_gt_image.png             33.86    0.9789     25.19    0.9631
1803_gt_image.png             39.49    0.9863     29.71    0.9765
1804_gt_image.png             43.96    0.9925     35.70    0.9844
1805_gt_image.png             45.81    0.9943     34.85    0.9881
1806_gt_image.png             48.79    0.9948     37.65    0.9880
1807_gt_image.png             43.27    0.9881     36.03    0.9881
1808_gt_image.png             39.09    0.9763     31.55    0.9745
1809_gt_image.png             44.84    0.9917     33.82    0.9822
180_gt_image.png              44.16    0.9896     34.55    0.9713
1810_gt_image.png             42.19    0.9905     33.87    0.9817
1811_gt_image.png             41.27    0.9898     32.25    0.9781
1812_gt_image.png             34.63    0.9776     24.38    0.9609
1813_gt_image.png             34.10    0.9838     30.30    0.9718
1814_gt_image.png             44.88    0.9921     36.83    0.9831
1815_gt_image.png             44.46    0.9939     39.25    0.9876
1816_gt_image.png             45.18    0.9934     36.36    0.9825
1817_gt_image.png             39.15    0.9848     33.56    0.9814
1818_gt_image.png             35.69    0.9708     30.82    0.9687
1819_gt_image.png             44.94    0.9920     35.64    0.9802
181_gt_image.png              33.06    0.9867     30.19    0.9699
1820_gt_image.png             44.45    0.9916     34.84    0.9798
1821_gt_image.png             44.39    0.9922     32.05    0.9741
1822_gt_image.png             36.54    0.9808     24.75    0.9553
1823_gt_image.png             39.23    0.9866     28.91    0.9659
1824_gt_image.png             45.08    0.9926     34.85    0.9803
1825_gt_image.png             46.80    0.9941     33.90    0.9807
1826_gt_image.png             47.33    0.9944     35.06    0.9832
1827_gt_image.png             42.99    0.9876     34.40    0.9792
1828_gt_image.png             33.11    0.9756     28.51    0.9557
1829_gt_image.png             45.16    0.9919     33.32    0.9770
182_gt_image.png              38.24    0.9807     27.55    0.9464
1830_gt_image.png             45.53    0.9920     34.21    0.9770
1831_gt_image.png             43.72    0.9905     33.11    0.9688
1832_gt_image.png             38.21    0.9836     27.95    0.9466
1833_gt_image.png             38.34    0.9848     29.22    0.9573
1834_gt_image.png             47.43    0.9925     36.18    0.9751
1835_gt_image.png             46.92    0.9940     37.17    0.9812
1836_gt_image.png             49.04    0.9941     37.51    0.9788
1837_gt_image.png             38.97    0.9883     31.87    0.9663
1838_gt_image.png             33.85    0.9772     28.00    0.9374
1839_gt_image.png             46.19    0.9914     34.38    0.9706
183_gt_image.png              38.24    0.9858     31.09    0.9622
1840_gt_image.png             46.22    0.9905     34.40    0.9710
1841_gt_image.png             43.49    0.9892     31.19    0.9753
1842_gt_image.png             35.51    0.9745     25.17    0.9537
1843_gt_image.png             39.02    0.9842     29.73    0.9680
1844_gt_image.png             45.56    0.9906     35.14    0.9831
1845_gt_image.png             46.73    0.9920     34.41    0.9821
1846_gt_image.png             44.37    0.9922     35.96    0.9854
1847_gt_image.png             37.02    0.9840     30.37    0.9712
1848_gt_image.png             33.98    0.9697     24.55    0.9420
1849_gt_image.png             43.49    0.9889     33.49    0.9794
184_gt_image.png              49.13    0.9931     38.44    0.9766
1850_gt_image.png             44.96    0.9884     32.69    0.9767
1851_gt_image.png             39.64    0.9899     32.42    0.9789
1852_gt_image.png             33.86    0.9776     27.98    0.9610
1853_gt_image.png             37.59    0.9850     29.18    0.9683
1854_gt_image.png             46.20    0.9927     37.40    0.9816
1855_gt_image.png             47.52    0.9943     38.28    0.9831
1856_gt_image.png             45.36    0.9944     36.92    0.9846
1857_gt_image.png             35.51    0.9837     30.62    0.9761
1858_gt_image.png             32.05    0.9696     26.87    0.9514
1859_gt_image.png             41.81    0.9903     33.30    0.9759
185_gt_image.png              48.42    0.9931     38.25    0.9790
1860_gt_image.png             37.43    0.9900     34.88    0.9765
1861_gt_image.png             40.32    0.9912     32.52    0.9763
1862_gt_image.png             34.45    0.9775     25.94    0.9543
1863_gt_image.png             38.30    0.9856     30.04    0.9674
1864_gt_image.png             46.03    0.9930     35.23    0.9792
1865_gt_image.png             48.15    0.9941     37.87    0.9830
1866_gt_image.png             45.14    0.9930     33.44    0.9806
1867_gt_image.png             35.44    0.9863     29.51    0.9741
1868_gt_image.png             33.11    0.9737     26.03    0.9478
1869_gt_image.png             43.43    0.9906     33.06    0.9749
186_gt_image.png              49.29    0.9935     38.61    0.9781
1870_gt_image.png             44.76    0.9912     33.84    0.9742
1871_gt_image.png             35.77    0.9873     33.04    0.9671
1872_gt_image.png             31.16    0.9747     27.72    0.9376
1873_gt_image.png             40.81    0.9832     30.27    0.9557
1874_gt_image.png             44.00    0.9901     35.74    0.9696
1875_gt_image.png             44.73    0.9921     37.80    0.9769
1876_gt_image.png             44.83    0.9911     35.77    0.9750
1877_gt_image.png             42.36    0.9846     30.12    0.9565
1878_gt_image.png             39.77    0.9756     26.82    0.9218
1879_gt_image.png             44.79    0.9883     33.58    0.9649
187_gt_image.png              39.50    0.9860     31.15    0.9626
1880_gt_image.png             44.63    0.9887     33.79    0.9657
1881_gt_image.png             40.12    0.9870     33.13    0.9650
1882_gt_image.png             35.38    0.9772     27.46    0.9390
1883_gt_image.png             35.16    0.9799     29.34    0.9541
1884_gt_image.png             47.47    0.9917     36.81    0.9714
1885_gt_image.png             42.89    0.9920     37.91    0.9754
1886_gt_image.png             42.88    0.9909     35.78    0.9737
1887_gt_image.png             42.09    0.9839     30.32    0.9568
1888_gt_image.png             40.84    0.9763     28.09    0.9250
1889_gt_image.png             41.07    0.9890     34.73    0.9663
188_gt_image.png              40.05    0.9764     29.50    0.9399
1890_gt_image.png             42.14    0.9893     34.99    0.9658
1891_gt_image.png             38.76    0.9887     32.35    0.9682
1892_gt_image.png             38.13    0.9781     27.63    0.9409
1893_gt_image.png             40.17    0.9822     29.30    0.9545
1894_gt_image.png             47.48    0.9910     35.11    0.9712
1895_gt_image.png             44.41    0.9926     37.71    0.9790
1896_gt_image.png             48.05    0.9922     35.93    0.9750
1897_gt_image.png             40.27    0.9850     28.75    0.9574
1898_gt_image.png             39.19    0.9757     25.72    0.9224
1899_gt_image.png             45.45    0.9904     34.35    0.9700
189_gt_image.png              46.83    0.9917     36.37    0.9721
18_gt_image.png               39.48    0.9749     26.57    0.9149
1900_gt_image.png             44.28    0.9894     33.60    0.9672
1901_gt_image.png             41.50    0.9891     32.28    0.9675
1902_gt_image.png             40.20    0.9799     27.81    0.9393
1903_gt_image.png             38.08    0.9847     30.55    0.9569
1904_gt_image.png             40.30    0.9902     34.77    0.9728
1905_gt_image.png             39.93    0.9922     37.55    0.9789
1906_gt_image.png             39.68    0.9910     35.82    0.9761
1907_gt_image.png             38.86    0.9844     30.23    0.9594
1908_gt_image.png             37.28    0.9735     27.05    0.9254
1909_gt_image.png             43.08    0.9899     33.77    0.9706
190_gt_image.png              46.16    0.9920     37.21    0.9737
1910_gt_image.png             38.47    0.9880     32.50    0.9684
1911_gt_image.png             38.45    0.9884     32.00    0.9689
1912_gt_image.png             39.69    0.9796     28.24    0.9427
1913_gt_image.png             40.96    0.9829     29.74    0.9556
1914_gt_image.png             45.75    0.9901     34.89    0.9714
1915_gt_image.png             45.36    0.9924     37.66    0.9788
1916_gt_image.png             43.75    0.9913     36.05    0.9758
1917_gt_image.png             42.60    0.9853     29.01    0.9588
1918_gt_image.png             39.24    0.9744     26.02    0.9249
1919_gt_image.png             47.29    0.9907     35.03    0.9718
191_gt_image.png              38.23    0.9893     33.42    0.9668
1920_gt_image.png             44.09    0.9888     33.53    0.9667
1921_gt_image.png             44.41    0.9882     32.88    0.9648
1922_gt_image.png             40.14    0.9787     27.68    0.9374
1923_gt_image.png             41.03    0.9824     29.47    0.9520
1924_gt_image.png             42.58    0.9906     35.64    0.9697
1925_gt_image.png             47.81    0.9924     37.34    0.9746
1926_gt_image.png             44.24    0.9913     36.10    0.9740
1927_gt_image.png             43.54    0.9865     30.68    0.9577
1928_gt_image.png             37.57    0.9778     27.68    0.9226
1929_gt_image.png             43.66    0.9898     34.63    0.9666
192_gt_image.png              22.39    0.9566     28.23    0.9447
1930_gt_image.png             42.58    0.9889     33.65    0.9634
1931_gt_image.png             40.30    0.9893     31.18    0.9638
1932_gt_image.png             32.05    0.9772     27.37    0.9388
1933_gt_image.png             40.13    0.9860     28.25    0.9539
1934_gt_image.png             39.66    0.9900     33.86    0.9700
1935_gt_image.png             42.88    0.9923     35.20    0.9753
1936_gt_image.png             46.00    0.9920     33.85    0.9737
1937_gt_image.png             39.54    0.9858     30.34    0.9566
1938_gt_image.png             39.00    0.9761     26.92    0.9231
1939_gt_image.png             40.18    0.9892     32.40    0.9672
193_gt_image.png              28.17    0.9777     31.54    0.9587
1940_gt_image.png             36.17    0.9878     32.32    0.9662
1941_gt_image.png             42.97    0.9890     33.41    0.9668
1942_gt_image.png             37.75    0.9796     28.01    0.9408
1943_gt_image.png             36.30    0.9828     30.04    0.9561
1944_gt_image.png             46.68    0.9909     35.39    0.9680
1945_gt_image.png             45.81    0.9925     37.55    0.9764
1946_gt_image.png             46.21    0.9920     36.35    0.9753
1947_gt_image.png             42.84    0.9855     29.79    0.9565
1948_gt_image.png             39.43    0.9762     25.97    0.9223
1949_gt_image.png             46.29    0.9900     34.36    0.9673
194_gt_image.png              42.72    0.9901     35.56    0.9672
1950_gt_image.png             45.30    0.9900     33.92    0.9657
1951_gt_image.png             41.93    0.9890     32.24    0.9670
1952_gt_image.png             39.30    0.9796     27.98    0.9400
1953_gt_image.png             36.24    0.9823     29.37    0.9540
1954_gt_image.png             44.34    0.9897     34.22    0.9686
1955_gt_image.png             41.77    0.9921     36.43    0.9764
1956_gt_image.png             44.23    0.9912     35.33    0.9723
1957_gt_image.png             41.01    0.9849     30.25    0.9576
1958_gt_image.png             36.60    0.9734     26.34    0.9260
1959_gt_image.png             43.81    0.9890     33.04    0.9647
195_gt_image.png              45.16    0.9914     37.25    0.9740
1960_gt_image.png             40.87    0.9875     32.21    0.9622
1961_gt_image.png             33.61    0.9862     30.61    0.9656
1962_gt_image.png             32.35    0.9775     27.85    0.9401
1963_gt_image.png             37.09    0.9825     28.94    0.9526
1964_gt_image.png             43.48    0.9893     33.91    0.9683
1965_gt_image.png             43.67    0.9920     36.22    0.9770
1966_gt_image.png             44.12    0.9907     35.40    0.9720
1967_gt_image.png             41.81    0.9855     30.30    0.9576
1968_gt_image.png             37.49    0.9739     26.70    0.9244
1969_gt_image.png             42.78    0.9886     33.64    0.9663
196_gt_image.png              46.96    0.9911     35.84    0.9721
1970_gt_image.png             42.31    0.9871     31.95    0.9624
1971_gt_image.png             42.92    0.9878     32.26    0.9638
1972_gt_image.png             34.09    0.9771     26.81    0.9354
1973_gt_image.png             40.09    0.9831     29.64    0.9522
1974_gt_image.png             44.13    0.9916     37.06    0.9684
1975_gt_image.png             44.26    0.9922     37.75    0.9736
1976_gt_image.png             42.76    0.9913     35.96    0.9709
1977_gt_image.png             39.51    0.9847     29.66    0.9534
1978_gt_image.png             39.77    0.9792     27.82    0.9229
1979_gt_image.png             43.00    0.9904     35.76    0.9651
197_gt_image.png              40.26    0.9847     29.43    0.9568
1980_gt_image.png             42.28    0.9905     36.06    0.9653
1981_gt_image.png             40.28    0.9908     32.32    0.9744
1982_gt_image.png             34.67    0.9784     27.39    0.9526
1983_gt_image.png             40.12    0.9860     29.51    0.9631
1984_gt_image.png             43.91    0.9928     35.38    0.9741
1985_gt_image.png             43.44    0.9937     35.89    0.9765
1986_gt_image.png             43.25    0.9939     36.19    0.9792
1987_gt_image.png             35.23    0.9858     30.90    0.9685
1988_gt_image.png             31.96    0.9739     26.97    0.9421
1989_gt_image.png             43.58    0.9921     34.46    0.9728
198_gt_image.png              37.42    0.9753     26.17    0.9286
1990_gt_image.png             43.33    0.9910     33.40    0.9699
1991_gt_image.png             43.02    0.9889     33.40    0.9676
1992_gt_image.png             31.39    0.9738     27.02    0.9372
1993_gt_image.png             37.13    0.9823     29.81    0.9548
1994_gt_image.png             46.14    0.9903     36.04    0.9679
1995_gt_image.png             47.65    0.9921     38.54    0.9732
1996_gt_image.png             47.43    0.9914     36.85    0.9724
1997_gt_image.png             44.01    0.9887     33.83    0.9629
1998_gt_image.png             42.21    0.9833     30.71    0.9365
1999_gt_image.png             43.82    0.9887     34.11    0.9648
199_gt_image.png              43.43    0.9884     34.26    0.9669
19_gt_image.png               42.17    0.9887     33.92    0.9620
1_gt_image.png                39.51    0.9858     30.66    0.9569
2000_gt_image.png             45.26    0.9884     33.89    0.9619
200_gt_image.png              40.81    0.9877     34.08    0.9658
201_gt_image.png              43.30    0.9909     34.98    0.9693
202_gt_image.png              31.75    0.9816     29.49    0.9486
203_gt_image.png              27.38    0.9769     29.51    0.9587
204_gt_image.png              46.85    0.9921     35.26    0.9701
205_gt_image.png              47.53    0.9938     37.91    0.9748
206_gt_image.png              46.73    0.9927     35.75    0.9743
207_gt_image.png              41.55    0.9884     30.31    0.9612
208_gt_image.png              39.48    0.9818     27.17    0.9347
209_gt_image.png              45.57    0.9908     33.25    0.9680
20_gt_image.png               41.67    0.9884     33.52    0.9629
210_gt_image.png              45.56    0.9910     34.03    0.9666
211_gt_image.png              45.34    0.9910     33.99    0.9695
212_gt_image.png              37.67    0.9822     28.26    0.9471
213_gt_image.png              29.07    0.9789     30.26    0.9594
214_gt_image.png              47.48    0.9921     35.29    0.9713
215_gt_image.png              48.61    0.9942     38.11    0.9774
216_gt_image.png              47.61    0.9932     35.96    0.9762
217_gt_image.png              41.30    0.9877     29.28    0.9613
218_gt_image.png              39.25    0.9800     25.95    0.9328
219_gt_image.png              45.02    0.9905     32.33    0.9688
21_gt_image.png               40.37    0.9878     29.45    0.9568
220_gt_image.png              46.22    0.9912     34.20    0.9685
221_gt_image.png              43.25    0.9908     33.94    0.9702
222_gt_image.png              33.10    0.9813     29.15    0.9508
223_gt_image.png              29.30    0.9793     30.28    0.9601
224_gt_image.png              45.73    0.9919     35.36    0.9721
225_gt_image.png              48.93    0.9941     38.00    0.9781
226_gt_image.png              45.35    0.9933     36.64    0.9778
227_gt_image.png              41.45    0.9867     28.64    0.9583
228_gt_image.png              38.77    0.9786     25.52    0.9321
229_gt_image.png              45.86    0.9910     33.80    0.9713
22_gt_image.png               34.24    0.9794     27.45    0.9322
230_gt_image.png              45.67    0.9904     33.26    0.9684
231_gt_image.png              40.41    0.9894     34.28    0.9688
232_gt_image.png              28.07    0.9741     27.41    0.9438
233_gt_image.png              32.89    0.9826     30.34    0.9589
234_gt_image.png              47.39    0.9911     36.15    0.9703
235_gt_image.png              47.45    0.9924     38.06    0.9739
236_gt_image.png              45.35    0.9914     36.00    0.9741
237_gt_image.png              40.91    0.9888     32.89    0.9631
238_gt_image.png              38.59    0.9832     30.26    0.9388
239_gt_image.png              45.07    0.9887     33.38    0.9653
23_gt_image.png               36.03    0.9839     29.07    0.9458
240_gt_image.png              46.13    0.9892     34.26    0.9636
241_gt_image.png              41.81    0.9890     32.74    0.9668
242_gt_image.png              26.23    0.9706     27.20    0.9417
243_gt_image.png              39.67    0.9845     29.72    0.9566
244_gt_image.png              44.46    0.9917     36.09    0.9681
245_gt_image.png              44.70    0.9930     37.97    0.9729
246_gt_image.png              47.12    0.9920     35.95    0.9728
247_gt_image.png              45.54    0.9897     33.69    0.9630
248_gt_image.png              42.82    0.9853     31.00    0.9386
249_gt_image.png              46.43    0.9905     34.28    0.9672
24_gt_image.png               44.99    0.9906     34.02    0.9644
250_gt_image.png              46.26    0.9910     35.33    0.9652
251_gt_image.png              40.81    0.9896     34.31    0.9699
252_gt_image.png              25.80    0.9714     28.59    0.9480
253_gt_image.png              27.87    0.9769     29.85    0.9592
254_gt_image.png              44.09    0.9910     35.90    0.9693
255_gt_image.png              48.72    0.9929     37.89    0.9736
256_gt_image.png              46.25    0.9920     36.27    0.9747
257_gt_image.png              41.71    0.9887     32.53    0.9623
258_gt_image.png              40.36    0.9824     29.15    0.9344
259_gt_image.png              45.08    0.9897     33.68    0.9679
25_gt_image.png               39.33    0.9910     35.01    0.9711
260_gt_image.png              44.01    0.9895     33.55    0.9654
261_gt_image.png              44.27    0.9917     31.82    0.9725
262_gt_image.png              36.85    0.9801     25.93    0.9474
263_gt_image.png              37.24    0.9846     28.79    0.9613
264_gt_image.png              47.02    0.9928     35.07    0.9738
265_gt_image.png              48.61    0.9947     37.07    0.9802
266_gt_image.png              48.66    0.9947     37.37    0.9807
267_gt_image.png              37.03    0.9856     28.77    0.9665
268_gt_image.png              34.78    0.9758     25.02    0.9313
269_gt_image.png              46.63    0.9922     34.53    0.9735
26_gt_image.png               43.99    0.9916     34.32    0.9675
270_gt_image.png              44.09    0.9913     33.00    0.9708
271_gt_image.png              43.02    0.9899     34.39    0.9610
272_gt_image.png              39.42    0.9831     28.42    0.9335
273_gt_image.png              42.53    0.9867     31.10    0.9475
274_gt_image.png              42.86    0.9878     34.86    0.9635
275_gt_image.png              45.49    0.9903     35.74    0.9710
276_gt_image.png              44.60    0.9914     35.35    0.9702
277_gt_image.png              37.21    0.9802     29.88    0.9515
278_gt_image.png              31.87    0.9674     25.84    0.9179
279_gt_image.png              43.97    0.9880     33.84    0.9603
27_gt_image.png               41.93    0.9855     28.30    0.9479
280_gt_image.png              44.21    0.9874     34.30    0.9633
281_gt_image.png              42.70    0.9875     33.24    0.9670
282_gt_image.png              37.27    0.9756     27.75    0.9443
283_gt_image.png              37.24    0.9811     27.91    0.9543
284_gt_image.png              44.64    0.9893     34.22    0.9727
285_gt_image.png              47.01    0.9891     36.10    0.9768
286_gt_image.png              46.67    0.9923     36.47    0.9775
287_gt_image.png              37.51    0.9791     29.83    0.9576
288_gt_image.png              35.77    0.9700     28.07    0.9322
289_gt_image.png              44.27    0.9871     33.61    0.9694
28_gt_image.png               39.14    0.9740     25.66    0.9125
290_gt_image.png              43.21    0.9850     32.61    0.9664
291_gt_image.png              40.54    0.9871     32.88    0.9690
292_gt_image.png              36.08    0.9773     26.66    0.9471
293_gt_image.png              34.91    0.9814     28.47    0.9582
294_gt_image.png              45.53    0.9898     36.42    0.9726
295_gt_image.png              46.56    0.9917     37.52    0.9771
296_gt_image.png              46.20    0.9913     35.68    0.9744
297_gt_image.png              41.29    0.9849     34.45    0.9698
298_gt_image.png              38.63    0.9746     30.60    0.9521
299_gt_image.png              44.44    0.9896     34.42    0.9705
29_gt_image.png               42.65    0.9890     32.60    0.9625
2_gt_image.png                30.49    0.9737     27.49    0.9306
300_gt_image.png              44.26    0.9895     34.31    0.9706
301_gt_image.png              40.33    0.9878     33.16    0.9698
302_gt_image.png              33.83    0.9767     25.98    0.9449
303_gt_image.png              35.52    0.9811     28.43    0.9576
304_gt_image.png              42.78    0.9903     35.87    0.9714
305_gt_image.png              45.09    0.9907     38.16    0.9773
306_gt_image.png              44.26    0.9915     36.39    0.9738
307_gt_image.png              40.45    0.9835     34.16    0.9687
308_gt_image.png              34.82    0.9680     26.88    0.9444
309_gt_image.png              42.80    0.9904     35.75    0.9706
30_gt_image.png               40.37    0.9885     32.28    0.9621
310_gt_image.png              42.70    0.9892     34.62    0.9687
311_gt_image.png              39.60    0.9868     32.88    0.9682
312_gt_image.png              34.39    0.9761     26.29    0.9462
313_gt_image.png              35.73    0.9819     29.09    0.9569
314_gt_image.png              43.79    0.9896     35.97    0.9726
315_gt_image.png              46.56    0.9913     38.22    0.9778
316_gt_image.png              46.55    0.9913     36.08    0.9738
317_gt_image.png              41.16    0.9836     34.58    0.9701
318_gt_image.png              37.85    0.9719     29.91    0.9510
319_gt_image.png              45.77    0.9902     35.52    0.9711
31_gt_image.png               41.35    0.9881     30.18    0.9550
320_gt_image.png              44.52    0.9892     34.12    0.9701
321_gt_image.png              41.59    0.9884     34.52    0.9707
322_gt_image.png              35.73    0.9781     25.82    0.9480
323_gt_image.png              34.63    0.9811     27.43    0.9551
324_gt_image.png              44.78    0.9900     35.87    0.9703
325_gt_image.png              41.82    0.9913     34.66    0.9743
326_gt_image.png              45.79    0.9914     36.96    0.9756
327_gt_image.png              33.82    0.9817     30.51    0.9628
328_gt_image.png              33.66    0.9728     30.12    0.9479
329_gt_image.png              42.26    0.9892     33.29    0.9689
32_gt_image.png               37.68    0.9797     27.52    0.9292
330_gt_image.png              41.31    0.9877     32.45    0.9665
331_gt_image.png              44.44    0.9907     34.26    0.9703
332_gt_image.png              35.97    0.9790     26.97    0.9474
333_gt_image.png              34.39    0.9822     27.77    0.9562
334_gt_image.png              45.35    0.9913     34.84    0.9699
335_gt_image.png              46.70    0.9928     36.12    0.9744
336_gt_image.png              46.37    0.9929     36.52    0.9765
337_gt_image.png              37.02    0.9845     30.95    0.9626
338_gt_image.png              33.29    0.9729     29.07    0.9387
339_gt_image.png              44.40    0.9900     33.55    0.9685
33_gt_image.png               40.09    0.9857     30.15    0.9476
340_gt_image.png              44.37    0.9897     32.43    0.9670
341_gt_image.png              43.38    0.9900     34.52    0.9713
342_gt_image.png              35.54    0.9792     26.29    0.9507
343_gt_image.png              33.26    0.9809     26.49    0.9551
344_gt_image.png              44.53    0.9914     35.26    0.9708
345_gt_image.png              44.55    0.9928     36.02    0.9739
346_gt_image.png              43.84    0.9926     36.58    0.9759
347_gt_image.png              34.95    0.9828     30.27    0.9628
348_gt_image.png              34.53    0.9730     28.99    0.9450
349_gt_image.png              43.88    0.9905     32.92    0.9678
34_gt_image.png               41.63    0.9907     34.73    0.9621
350_gt_image.png              40.61    0.9886     31.23    0.9660
351_gt_image.png              43.86    0.9890     34.06    0.9701
352_gt_image.png              35.77    0.9781     26.03    0.9474
353_gt_image.png              35.60    0.9824     28.71    0.9569
354_gt_image.png              45.00    0.9903     36.02    0.9721
355_gt_image.png              43.31    0.9918     36.88    0.9758
356_gt_image.png              44.80    0.9914     35.81    0.9743
357_gt_image.png              37.87    0.9841     34.06    0.9670
358_gt_image.png              36.93    0.9747     31.42    0.9503
359_gt_image.png              44.60    0.9904     34.44    0.9714
35_gt_image.png               43.86    0.9934     37.73    0.9722
360_gt_image.png              42.61    0.9888     34.07    0.9689
361_gt_image.png              32.41    0.9846     31.04    0.9743
362_gt_image.png              33.62    0.9716     27.32    0.9516
363_gt_image.png              30.93    0.9796     30.27    0.9682
364_gt_image.png              42.24    0.9900     36.61    0.9791
365_gt_image.png              39.35    0.9914     36.11    0.9811
366_gt_image.png              44.82    0.9921     38.58    0.9821
367_gt_image.png              40.10    0.9832     34.21    0.9777
368_gt_image.png              29.43    0.9657     27.42    0.9493
369_gt_image.png              43.34    0.9903     35.87    0.9784
36_gt_image.png               42.36    0.9920     35.21    0.9669
370_gt_image.png              42.51    0.9891     33.58    0.9755
371_gt_image.png              25.83    0.9812     32.47    0.9721
372_gt_image.png              25.39    0.9714     26.58    0.9478
373_gt_image.png              33.11    0.9832     28.97    0.9599
374_gt_image.png              43.92    0.9934     39.52    0.9763
375_gt_image.png              41.65    0.9939     40.49    0.9813
376_gt_image.png              46.16    0.9935     38.87    0.9766
377_gt_image.png              42.73    0.9886     30.76    0.9660
378_gt_image.png              41.01    0.9813     29.03    0.9423
379_gt_image.png              45.39    0.9924     37.60    0.9720
37_gt_image.png               41.28    0.9856     28.18    0.9480
380_gt_image.png              44.93    0.9933     38.71    0.9743
381_gt_image.png              38.10    0.9850     31.73    0.9631
382_gt_image.png              31.55    0.9729     26.82    0.9402
383_gt_image.png              33.65    0.9773     27.08    0.9480
384_gt_image.png              39.76    0.9878     35.44    0.9667
385_gt_image.png              42.46    0.9896     36.94    0.9753
386_gt_image.png              39.13    0.9896     36.70    0.9695
387_gt_image.png              36.88    0.9725     32.89    0.9627
388_gt_image.png              32.46    0.9527     29.21    0.9402
389_gt_image.png              41.40    0.9883     34.90    0.9635
38_gt_image.png               40.18    0.9782     26.68    0.9157
390_gt_image.png              38.82    0.9864     33.97    0.9609
391_gt_image.png              42.28    0.9872     30.11    0.9615
392_gt_image.png              35.34    0.9741     25.43    0.9304
393_gt_image.png              37.64    0.9809     27.65    0.9492
394_gt_image.png              44.80    0.9887     32.95    0.9632
395_gt_image.png              46.44    0.9899     34.36    0.9656
396_gt_image.png              46.82    0.9910     34.99    0.9685
397_gt_image.png              44.25    0.9855     33.19    0.9612
398_gt_image.png              33.47    0.9700     25.70    0.9231
399_gt_image.png              44.37    0.9872     32.39    0.9608
39_gt_image.png               39.53    0.9895     33.64    0.9609
3_gt_image.png                34.71    0.9823     29.80    0.9456
400_gt_image.png              43.73    0.9862     31.25    0.9568
401_gt_image.png              41.30    0.9877     30.49    0.9696
402_gt_image.png              35.40    0.9735     26.64    0.9471
403_gt_image.png              37.73    0.9804     28.68    0.9597
404_gt_image.png              43.84    0.9898     36.51    0.9758
405_gt_image.png              43.61    0.9911     37.75    0.9796
406_gt_image.png              46.74    0.9916     36.85    0.9768
407_gt_image.png              40.73    0.9844     35.96    0.9741
408_gt_image.png              37.77    0.9720     31.68    0.9569
409_gt_image.png              45.01    0.9905     35.79    0.9729
40_gt_image.png               39.69    0.9894     33.23    0.9611
410_gt_image.png              45.03    0.9899     35.45    0.9727
411_gt_image.png              40.42    0.9863     31.76    0.9599
412_gt_image.png              33.42    0.9731     26.68    0.9293
413_gt_image.png              38.74    0.9819     29.11    0.9460
414_gt_image.png              47.12    0.9908     37.54    0.9652
415_gt_image.png              44.93    0.9915     38.51    0.9716
416_gt_image.png              47.41    0.9905     36.27    0.9651
417_gt_image.png              36.61    0.9848     30.08    0.9510
418_gt_image.png              35.93    0.9756     28.49    0.9188
419_gt_image.png              44.21    0.9894     35.98    0.9597
41_gt_image.png               41.34    0.9865     30.52    0.9565
420_gt_image.png              46.75    0.9900     36.57    0.9602
421_gt_image.png              33.17    0.9872     31.81    0.9594
422_gt_image.png              38.69    0.9793     27.27    0.9274
423_gt_image.png              42.04    0.9861     30.83    0.9486
424_gt_image.png              43.68    0.9919     36.84    0.9657
425_gt_image.png              44.54    0.9930     38.29    0.9704
426_gt_image.png              45.92    0.9923     37.00    0.9679
427_gt_image.png              37.68    0.9842     28.34    0.9459
428_gt_image.png              36.29    0.9784     27.11    0.9124
429_gt_image.png              44.06    0.9916     36.50    0.9635
42_gt_image.png               36.83    0.9786     27.85    0.9304
430_gt_image.png              42.82    0.9909     35.78    0.9594
431_gt_image.png              39.36    0.9874     29.59    0.9675
432_gt_image.png              34.89    0.9744     25.97    0.9438
433_gt_image.png              36.14    0.9807     29.20    0.9596
434_gt_image.png              47.57    0.9912     37.32    0.9691
435_gt_image.png              48.40    0.9930     38.83    0.9746
436_gt_image.png              47.82    0.9919     37.79    0.9727
437_gt_image.png              40.42    0.9840     31.49    0.9660
438_gt_image.png              36.89    0.9735     27.74    0.9367
439_gt_image.png              46.92    0.9906     36.16    0.9671
43_gt_image.png               39.95    0.9824     29.72    0.9453
440_gt_image.png              46.67    0.9900     35.35    0.9643
441_gt_image.png              40.72    0.9889     31.18    0.9698
442_gt_image.png              34.96    0.9750     25.99    0.9446
443_gt_image.png              37.72    0.9832     28.79    0.9606
444_gt_image.png              46.74    0.9915     35.96    0.9703
445_gt_image.png              46.85    0.9937     38.67    0.9769
446_gt_image.png              47.08    0.9923     36.57    0.9733
447_gt_image.png              38.20    0.9831     35.96    0.9715
448_gt_image.png              32.11    0.9696     29.28    0.9478
449_gt_image.png              45.22    0.9907     35.79    0.9692
44_gt_image.png               46.90    0.9892     34.99    0.9601
450_gt_image.png              45.58    0.9903     34.62    0.9662
451_gt_image.png              34.57    0.9870     31.25    0.9609
452_gt_image.png              36.34    0.9782     27.28    0.9307
453_gt_image.png              36.91    0.9839     29.70    0.9478
454_gt_image.png              46.41    0.9915     37.05    0.9653
455_gt_image.png              47.15    0.9926     37.97    0.9705
456_gt_image.png              47.90    0.9920     36.79    0.9677
457_gt_image.png              40.79    0.9851     28.20    0.9477
458_gt_image.png              40.39    0.9793     27.01    0.9131
459_gt_image.png              47.87    0.9912     36.21    0.9620
45_gt_image.png               48.18    0.9913     36.64    0.9696
460_gt_image.png              46.58    0.9904     35.85    0.9594
461_gt_image.png              42.08    0.9886     31.35    0.9645
462_gt_image.png              35.72    0.9773     26.42    0.9358
463_gt_image.png              37.19    0.9825     29.59    0.9540
464_gt_image.png              47.43    0.9922     37.93    0.9671
465_gt_image.png              45.07    0.9923     38.26    0.9718
466_gt_image.png              47.75    0.9924     37.07    0.9684
467_gt_image.png              43.27    0.9863     30.43    0.9556
468_gt_image.png              41.78    0.9787     28.46    0.9251
469_gt_image.png              48.20    0.9921     36.66    0.9639
46_gt_image.png               45.71    0.9896     34.27    0.9656
470_gt_image.png              44.91    0.9911     36.39    0.9620
471_gt_image.png              36.96    0.9868     29.40    0.9617
472_gt_image.png              36.64    0.9772     26.88    0.9316
473_gt_image.png              37.93    0.9833     29.50    0.9487
474_gt_image.png              39.70    0.9909     37.85    0.9661
475_gt_image.png              40.34    0.9921     38.61    0.9720
476_gt_image.png              40.93    0.9913     36.90    0.9662
477_gt_image.png              41.31    0.9871     31.33    0.9542
478_gt_image.png              37.98    0.9773     29.25    0.9232
479_gt_image.png              39.67    0.9905     36.91    0.9618
47_gt_image.png               41.32    0.9821     28.12    0.9466
480_gt_image.png              40.02    0.9907     37.00    0.9619
481_gt_image.png              39.12    0.9874     31.43    0.9672
482_gt_image.png              35.85    0.9756     27.11    0.9427
483_gt_image.png              36.88    0.9801     29.67    0.9573
484_gt_image.png              48.53    0.9916     38.17    0.9703
485_gt_image.png              44.25    0.9926     38.49    0.9744
486_gt_image.png              47.86    0.9926     37.61    0.9721
487_gt_image.png              38.30    0.9824     31.05    0.9614
488_gt_image.png              40.63    0.9769     28.75    0.9342
489_gt_image.png              47.77    0.9913     36.86    0.9671
48_gt_image.png               39.86    0.9731     26.46    0.9126
490_gt_image.png              47.34    0.9908     36.06    0.9645
491_gt_image.png              47.33    0.9918     34.09    0.9712
492_gt_image.png              39.67    0.9806     27.03    0.9498
493_gt_image.png              44.10    0.9886     30.67    0.9624
494_gt_image.png              46.12    0.9929     34.31    0.9747
495_gt_image.png              49.84    0.9949     37.34    0.9830
496_gt_image.png              48.67    0.9944     35.78    0.9813
497_gt_image.png              34.98    0.9834     27.51    0.9639
498_gt_image.png              34.48    0.9740     26.08    0.9387
499_gt_image.png              46.45    0.9914     32.87    0.9707
49_gt_image.png               44.75    0.9876     33.07    0.9577
4_gt_image.png                46.49    0.9901     34.47    0.9627
500_gt_image.png              46.51    0.9910     33.69    0.9712
501_gt_image.png              42.40    0.9853     33.79    0.9771
502_gt_image.png              37.31    0.9757     27.44    0.9600
503_gt_image.png              38.23    0.9805     30.23    0.9698
504_gt_image.png              44.37    0.9832     34.96    0.9805
505_gt_image.png              45.79    0.9870     37.77    0.9858
506_gt_image.png              43.12    0.9855     34.03    0.9814
507_gt_image.png              33.64    0.9760     29.69    0.9714
508_gt_image.png              26.95    0.9553     23.85    0.9412
509_gt_image.png              43.35    0.9821     33.19    0.9800
50_gt_image.png               43.34    0.9875     33.04    0.9577
510_gt_image.png              44.55    0.9840     35.00    0.9797
511_gt_image.png              47.34    0.9928     34.04    0.9692
512_gt_image.png              40.83    0.9851     26.53    0.9364
513_gt_image.png              41.90    0.9884     28.00    0.9539
514_gt_image.png              47.44    0.9933     36.53    0.9739
515_gt_image.png              47.76    0.9944     36.68    0.9774
516_gt_image.png              47.96    0.9943     35.83    0.9771
517_gt_image.png              40.44    0.9876     29.59    0.9609
518_gt_image.png              36.22    0.9769     26.34    0.9286
519_gt_image.png              46.65    0.9910     34.82    0.9715
51_gt_image.png               42.75    0.9889     30.16    0.9576
520_gt_image.png              45.87    0.9919     33.73    0.9716
521_gt_image.png              47.12    0.9906     33.08    0.9652
522_gt_image.png              41.12    0.9824     27.11    0.9376
523_gt_image.png              43.93    0.9869     30.03    0.9519
524_gt_image.png              46.67    0.9921     35.62    0.9729
525_gt_image.png              48.68    0.9933     35.67    0.9778
526_gt_image.png              47.83    0.9922     35.74    0.9755
527_gt_image.png              41.55    0.9853     28.38    0.9563
528_gt_image.png              38.53    0.9755     24.80    0.9227
529_gt_image.png              47.72    0.9916     34.68    0.9704
52_gt_image.png               38.69    0.9786     27.64    0.9289
530_gt_image.png              47.78    0.9911     34.16    0.9681
531_gt_image.png              44.61    0.9907     32.44    0.9688
532_gt_image.png              37.97    0.9799     26.65    0.9475
533_gt_image.png              40.29    0.9862     28.27    0.9587
534_gt_image.png              44.98    0.9896     32.93    0.9686
535_gt_image.png              47.60    0.9936     34.83    0.9794
536_gt_image.png              42.18    0.9918     32.93    0.9754
537_gt_image.png              42.72    0.9878     28.70    0.9605
538_gt_image.png              36.23    0.9725     23.75    0.9254
539_gt_image.png              40.72    0.9870     30.79    0.9631
53_gt_image.png               36.24    0.9830     29.16    0.9461
540_gt_image.png              43.17    0.9872     31.90    0.9652
541_gt_image.png              41.24    0.9891     30.09    0.9705
542_gt_image.png              35.71    0.9772     25.69    0.9504
543_gt_image.png              40.46    0.9842     28.47    0.9622
544_gt_image.png              45.54    0.9913     33.74    0.9750
545_gt_image.png              46.95    0.9936     35.99    0.9813
546_gt_image.png              45.15    0.9928     34.90    0.9797
547_gt_image.png              42.35    0.9874     30.31    0.9633
548_gt_image.png              38.05    0.9751     25.63    0.9295
549_gt_image.png              44.95    0.9895     33.19    0.9722
54_gt_image.png               46.38    0.9908     34.32    0.9612
550_gt_image.png              44.79    0.9894     32.68    0.9716
551_gt_image.png              41.28    0.9888     31.44    0.9745
552_gt_image.png              33.03    0.9736     26.34    0.9544
553_gt_image.png              38.92    0.9813     28.01    0.9619
554_gt_image.png              46.66    0.9919     34.57    0.9765
555_gt_image.png              47.91    0.9933     36.17    0.9823
556_gt_image.png              46.52    0.9926     34.78    0.9812
557_gt_image.png              40.47    0.9855     29.66    0.9654
558_gt_image.png              34.72    0.9693     24.87    0.9305
559_gt_image.png              45.70    0.9904     33.18    0.9735
55_gt_image.png               47.72    0.9932     37.32    0.9711
560_gt_image.png              45.12    0.9891     32.48    0.9723
561_gt_image.png              45.39    0.9916     31.87    0.9673
562_gt_image.png              37.07    0.9818     26.67    0.9485
563_gt_image.png              41.45    0.9863     28.47    0.9581
564_gt_image.png              45.99    0.9913     33.65    0.9715
565_gt_image.png              47.85    0.9935     34.66    0.9774
566_gt_image.png              45.02    0.9928     33.21    0.9758
567_gt_image.png              43.53    0.9886     29.51    0.9592
568_gt_image.png              37.10    0.9760     24.79    0.9228
569_gt_image.png              44.24    0.9895     32.25    0.9657
56_gt_image.png               46.67    0.9920     34.93    0.9662
570_gt_image.png              44.53    0.9886     32.16    0.9655
571_gt_image.png              40.55    0.9885     30.22    0.9745
572_gt_image.png              34.34    0.9731     26.64    0.9561
573_gt_image.png              38.10    0.9802     28.06    0.9646
574_gt_image.png              44.72    0.9914     33.16    0.9766
575_gt_image.png              47.84    0.9938     35.68    0.9800
576_gt_image.png              46.24    0.9926     34.39    0.9804
577_gt_image.png              37.43    0.9821     28.41    0.9626
578_gt_image.png              33.54    0.9650     24.29    0.9307
579_gt_image.png              44.98    0.9905     32.34    0.9726
57_gt_image.png               41.07    0.9856     27.89    0.9497
580_gt_image.png              44.25    0.9894     31.79    0.9722
581_gt_image.png              41.88    0.9886     32.62    0.9783
582_gt_image.png              35.94    0.9733     27.65    0.9612
583_gt_image.png              37.55    0.9822     29.14    0.9692
584_gt_image.png              46.31    0.9930     34.91    0.9809
585_gt_image.png              47.30    0.9936     34.94    0.9807
586_gt_image.png              47.27    0.9930     35.73    0.9829
587_gt_image.png              38.99    0.9845     28.61    0.9667
588_gt_image.png              34.27    0.9674     25.51    0.9403
589_gt_image.png              45.18    0.9910     32.68    0.9748
58_gt_image.png               37.86    0.9795     26.81    0.9199
590_gt_image.png              45.02    0.9912     32.80    0.9752
591_gt_image.png              44.46    0.9900     31.77    0.9727
592_gt_image.png              39.66    0.9805     26.81    0.9486
593_gt_image.png              42.31    0.9854     28.90    0.9597
594_gt_image.png              43.07    0.9898     34.70    0.9805
595_gt_image.png              46.47    0.9909     36.19    0.9835
596_gt_image.png              42.33    0.9920     34.76    0.9818
597_gt_image.png              37.36    0.9814     30.16    0.9651
598_gt_image.png              33.64    0.9647     27.47    0.9389
599_gt_image.png              41.37    0.9875     34.03    0.9785
59_gt_image.png               46.11    0.9905     33.58    0.9603
5_gt_image.png                47.27    0.9915     35.92    0.9702
600_gt_image.png              43.23    0.9874     34.87    0.9792
601_gt_image.png              44.79    0.9895     34.02    0.9667
602_gt_image.png              40.57    0.9822     27.99    0.9423
603_gt_image.png              40.52    0.9822     29.23    0.9495
604_gt_image.png              45.99    0.9886     35.72    0.9714
605_gt_image.png              46.51    0.9920     36.55    0.9784
606_gt_image.png              48.51    0.9930     37.39    0.9784
607_gt_image.png              37.76    0.9832     31.62    0.9617
608_gt_image.png              36.02    0.9720     27.88    0.9335
609_gt_image.png              45.08    0.9877     35.57    0.9732
60_gt_image.png               44.90    0.9896     32.88    0.9611
610_gt_image.png              44.06    0.9859     34.66    0.9700
611_gt_image.png              39.27    0.9916     30.72    0.9760
612_gt_image.png              35.88    0.9834     27.03    0.9590
613_gt_image.png              39.06    0.9870     28.70    0.9678
614_gt_image.png              45.62    0.9935     34.03    0.9755
615_gt_image.png              48.76    0.9951     36.52    0.9806
616_gt_image.png              48.09    0.9951     36.06    0.9816
617_gt_image.png              35.30    0.9868     32.37    0.9742
618_gt_image.png              32.93    0.9775     30.54    0.9556
619_gt_image.png              46.07    0.9930     33.35    0.9751
61_gt_image.png               42.47    0.9893     31.21    0.9641
620_gt_image.png              45.93    0.9924     33.03    0.9725
621_gt_image.png              36.61    0.9887     32.47    0.9713
622_gt_image.png              32.44    0.9769     27.09    0.9415
623_gt_image.png              30.13    0.9802     29.42    0.9592
624_gt_image.png              46.83    0.9934     39.34    0.9763
625_gt_image.png              49.77    0.9947     40.40    0.9816
626_gt_image.png              45.95    0.9934     39.29    0.9768
627_gt_image.png              42.74    0.9879     32.10    0.9655
628_gt_image.png              42.77    0.9821     30.12    0.9431
629_gt_image.png              49.37    0.9935     38.41    0.9742
62_gt_image.png               37.47    0.9797     27.32    0.9362
630_gt_image.png              46.90    0.9930     38.71    0.9743
631_gt_image.png              38.99    0.9858     31.55    0.9771
632_gt_image.png              31.87    0.9692     26.83    0.9533
633_gt_image.png              37.46    0.9795     29.00    0.9662
634_gt_image.png              46.82    0.9908     37.25    0.9797
635_gt_image.png              45.56    0.9926     37.57    0.9834
636_gt_image.png              48.12    0.9920     38.76    0.9819
637_gt_image.png              37.50    0.9791     32.39    0.9770
638_gt_image.png              34.35    0.9658     27.67    0.9527
639_gt_image.png              44.02    0.9876     32.65    0.9726
63_gt_image.png               37.03    0.9856     30.26    0.9546
640_gt_image.png              43.62    0.9873     33.42    0.9739
641_gt_image.png              40.47    0.9864     32.00    0.9775
642_gt_image.png              33.91    0.9712     27.13    0.9542
643_gt_image.png              36.99    0.9780     29.25    0.9689
644_gt_image.png              43.52    0.9922     38.06    0.9794
645_gt_image.png              40.21    0.9925     36.35    0.9829
646_gt_image.png              42.55    0.9935     39.40    0.9824
647_gt_image.png              34.71    0.9819     31.09    0.9751
648_gt_image.png              31.79    0.9651     28.15    0.9571
649_gt_image.png              44.08    0.9911     34.01    0.9771
64_gt_image.png               41.19    0.9903     35.26    0.9662
650_gt_image.png              41.06    0.9896     32.52    0.9741
651_gt_image.png              40.75    0.9878     29.83    0.9693
652_gt_image.png              35.10    0.9752     24.59    0.9454
653_gt_image.png              38.50    0.9850     28.60    0.9634
654_gt_image.png              44.36    0.9907     32.34    0.9738
655_gt_image.png              46.26    0.9931     33.97    0.9806
656_gt_image.png              45.78    0.9929     34.05    0.9789
657_gt_image.png              39.87    0.9856     28.47    0.9609
658_gt_image.png              34.32    0.9711     23.09    0.9231
659_gt_image.png              43.18    0.9884     31.11    0.9688
65_gt_image.png               47.57    0.9923     36.48    0.9735
660_gt_image.png              42.89    0.9870     31.50    0.9719
661_gt_image.png              37.96    0.9878     32.36    0.9797
662_gt_image.png              31.62    0.9728     25.00    0.9621
663_gt_image.png              36.23    0.9830     30.32    0.9756
664_gt_image.png              43.68    0.9910     37.90    0.9862
665_gt_image.png              43.18    0.9924     37.11    0.9858
666_gt_image.png              43.17    0.9930     37.87    0.9869
667_gt_image.png              40.81    0.9860     35.79    0.9829
668_gt_image.png              33.24    0.9709     30.36    0.9640
669_gt_image.png              39.89    0.9886     32.43    0.9815
66_gt_image.png               46.30    0.9914     34.75    0.9706
670_gt_image.png              38.79    0.9870     33.21    0.9804
671_gt_image.png              38.39    0.9891     31.24    0.9843
672_gt_image.png              33.25    0.9775     26.99    0.9709
673_gt_image.png              36.95    0.9843     30.05    0.9785
674_gt_image.png              42.54    0.9921     37.49    0.9896
675_gt_image.png              44.20    0.9938     36.27    0.9897
676_gt_image.png              44.00    0.9937     38.98    0.9908
677_gt_image.png              35.33    0.9850     33.45    0.9840
678_gt_image.png              32.38    0.9715     29.44    0.9683
679_gt_image.png              43.20    0.9920     35.51    0.9877
67_gt_image.png               41.17    0.9863     30.10    0.9570
680_gt_image.png              40.58    0.9898     35.18    0.9861
681_gt_image.png              41.84    0.9879     31.03    0.9719
682_gt_image.png              34.54    0.9742     24.02    0.9493
683_gt_image.png              38.80    0.9835     29.51    0.9656
684_gt_image.png              43.14    0.9898     33.03    0.9746
685_gt_image.png              42.94    0.9921     32.71    0.9769
686_gt_image.png              44.05    0.9918     33.80    0.9798
687_gt_image.png              42.81    0.9855     33.15    0.9740
688_gt_image.png              33.49    0.9719     26.13    0.9453
689_gt_image.png              42.83    0.9885     32.30    0.9706
68_gt_image.png               37.79    0.9767     26.04    0.9254
690_gt_image.png              43.58    0.9882     31.28    0.9702
691_gt_image.png              45.55    0.9878     32.33    0.9628
692_gt_image.png              39.61    0.9785     27.17    0.9376
693_gt_image.png              41.45    0.9826     28.54    0.9490
694_gt_image.png              45.91    0.9885     32.87    0.9661
695_gt_image.png              46.05    0.9902     32.89    0.9748
696_gt_image.png              45.87    0.9899     33.43    0.9742
697_gt_image.png              36.01    0.9780     26.65    0.9517
698_gt_image.png              33.38    0.9633     23.36    0.9110
699_gt_image.png              42.99    0.9846     30.37    0.9602
69_gt_image.png               45.80    0.9903     34.21    0.9654
6_gt_image.png                41.65    0.9903     33.44    0.9657
700_gt_image.png              43.85    0.9855     30.71    0.9606
701_gt_image.png              37.98    0.9862     32.71    0.9781
702_gt_image.png              34.62    0.9750     27.74    0.9567
703_gt_image.png              35.27    0.9789     28.42    0.9646
704_gt_image.png              40.92    0.9888     35.64    0.9839
705_gt_image.png              43.13    0.9915     37.94    0.9887
706_gt_image.png              41.61    0.9907     36.08    0.9828
707_gt_image.png              33.82    0.9785     32.43    0.9751
708_gt_image.png              34.10    0.9638     29.64    0.9620
709_gt_image.png              41.37    0.9891     35.24    0.9809
70_gt_image.png               45.30    0.9902     33.71    0.9663
710_gt_image.png              38.10    0.9865     34.72    0.9811
711_gt_image.png              42.49    0.9902     32.51    0.9786
712_gt_image.png              32.56    0.9760     25.67    0.9570
713_gt_image.png              39.11    0.9839     28.80    0.9690
714_gt_image.png              46.52    0.9917     36.19    0.9821
715_gt_image.png              47.50    0.9934     37.39    0.9855
716_gt_image.png              47.09    0.9931     35.44    0.9819
717_gt_image.png              39.97    0.9833     31.82    0.9778
718_gt_image.png              37.49    0.9713     29.04    0.9620
719_gt_image.png              39.84    0.9888     33.72    0.9786
71_gt_image.png               39.42    0.9900     31.72    0.9690
720_gt_image.png              38.39    0.9877     33.11    0.9778
721_gt_image.png              39.36    0.9884     30.46    0.9627
722_gt_image.png              34.76    0.9767     27.63    0.9328
723_gt_image.png              36.93    0.9835     29.32    0.9486
724_gt_image.png              47.85    0.9918     37.61    0.9672
725_gt_image.png              43.29    0.9924     38.60    0.9743
726_gt_image.png              47.11    0.9917     37.13    0.9681
727_gt_image.png              42.33    0.9864     30.66    0.9541
728_gt_image.png              41.91    0.9791     29.04    0.9233
729_gt_image.png              45.91    0.9907     36.14    0.9626
72_gt_image.png               38.62    0.9793     26.62    0.9396
730_gt_image.png              43.52    0.9906     36.70    0.9634
731_gt_image.png              29.33    0.9836     31.27    0.9637
732_gt_image.png              33.27    0.9740     27.83    0.9303
733_gt_image.png              41.28    0.9821     29.88    0.9486
734_gt_image.png              46.30    0.9905     37.11    0.9682
735_gt_image.png              44.67    0.9917     38.42    0.9746
736_gt_image.png              46.47    0.9905     36.92    0.9689
737_gt_image.png              43.01    0.9850     30.35    0.9554
738_gt_image.png              41.23    0.9771     28.66    0.9244
739_gt_image.png              47.10    0.9897     36.29    0.9649
73_gt_image.png               37.81    0.9850     29.86    0.9574
740_gt_image.png              43.83    0.9897     36.44    0.9639
741_gt_image.png              37.96    0.9877     30.14    0.9652
742_gt_image.png              35.21    0.9768     27.40    0.9363
743_gt_image.png              35.46    0.9817     28.83    0.9520
744_gt_image.png              48.51    0.9918     37.60    0.9687
745_gt_image.png              49.22    0.9928     38.59    0.9743
746_gt_image.png              48.32    0.9919     37.44    0.9691
747_gt_image.png              41.94    0.9858     30.91    0.9580
748_gt_image.png              41.33    0.9792     29.06    0.9271
749_gt_image.png              46.92    0.9906     36.50    0.9646
74_gt_image.png               48.67    0.9934     36.62    0.9721
750_gt_image.png              47.75    0.9909     36.26    0.9647
751_gt_image.png              40.49    0.9886     30.25    0.9626
752_gt_image.png              32.59    0.9795     28.51    0.9336
753_gt_image.png              40.07    0.9851     29.67    0.9498
754_gt_image.png              44.73    0.9921     37.16    0.9688
755_gt_image.png              46.17    0.9931     38.17    0.9742
756_gt_image.png              46.25    0.9924     37.10    0.9705
757_gt_image.png              39.34    0.9863     31.13    0.9536
758_gt_image.png              38.94    0.9806     29.19    0.9231
759_gt_image.png              46.40    0.9918     36.42    0.9658
75_gt_image.png               49.48    0.9942     37.78    0.9771
760_gt_image.png              42.17    0.9911     36.31    0.9642
761_gt_image.png              42.15    0.9889     30.61    0.9631
762_gt_image.png              33.17    0.9788     27.59    0.9364
763_gt_image.png              35.57    0.9836     29.58    0.9500
764_gt_image.png              47.06    0.9909     35.90    0.9665
765_gt_image.png              48.13    0.9927     37.80    0.9734
766_gt_image.png              45.55    0.9909     34.99    0.9687
767_gt_image.png              42.33    0.9859     29.97    0.9548
768_gt_image.png              41.16    0.9791     28.34    0.9234
769_gt_image.png              44.91    0.9892     33.71    0.9634
76_gt_image.png               49.22    0.9944     37.52    0.9780
770_gt_image.png              45.96    0.9892     34.19    0.9634
771_gt_image.png              38.17    0.9893     31.82    0.9699
772_gt_image.png              34.63    0.9777     27.21    0.9432
773_gt_image.png              33.16    0.9821     29.00    0.9580
774_gt_image.png              48.35    0.9932     37.85    0.9710
775_gt_image.png              49.54    0.9943     38.90    0.9768
776_gt_image.png              46.98    0.9930     37.50    0.9724
777_gt_image.png              38.01    0.9853     31.66    0.9646
778_gt_image.png              36.76    0.9779     29.12    0.9363
779_gt_image.png              45.18    0.9917     36.61    0.9666
77_gt_image.png               42.48    0.9889     31.69    0.9634
780_gt_image.png              43.67    0.9912     36.13    0.9663
781_gt_image.png              36.00    0.9867     30.64    0.9638
782_gt_image.png              34.80    0.9786     27.87    0.9358
783_gt_image.png              40.98    0.9850     29.14    0.9520
784_gt_image.png              42.59    0.9906     36.18    0.9668
785_gt_image.png              41.49    0.9925     37.98    0.9745
786_gt_image.png              45.29    0.9911     35.86    0.9697
787_gt_image.png              43.58    0.9871     30.07    0.9536
788_gt_image.png              40.35    0.9794     28.50    0.9234
789_gt_image.png              43.81    0.9893     33.91    0.9625
78_gt_image.png               41.12    0.9815     28.78    0.9344
790_gt_image.png              43.50    0.9894     33.70    0.9618
791_gt_image.png              42.42    0.9898     32.61    0.9650
792_gt_image.png              38.90    0.9822     28.69    0.9386
793_gt_image.png              36.44    0.9840     29.99    0.9529
794_gt_image.png              48.32    0.9921     35.86    0.9679
795_gt_image.png              48.85    0.9937     37.55    0.9744
796_gt_image.png              48.31    0.9924     35.81    0.9699
797_gt_image.png              43.10    0.9875     30.39    0.9569
798_gt_image.png              42.48    0.9819     28.58    0.9288
799_gt_image.png              46.27    0.9902     33.78    0.9636
79_gt_image.png               44.92    0.9927     35.49    0.9726
7_gt_image.png                41.73    0.9843     28.92    0.9486
800_gt_image.png              46.65    0.9904     33.73    0.9630
801_gt_image.png              37.24    0.9870     32.74    0.9647
802_gt_image.png              34.68    0.9788     29.38    0.9374
803_gt_image.png              35.11    0.9820     30.07    0.9509
804_gt_image.png              41.23    0.9908     36.25    0.9686
805_gt_image.png              43.23    0.9925     37.86    0.9746
806_gt_image.png              41.58    0.9909     36.24    0.9708
807_gt_image.png              40.00    0.9867     30.54    0.9562
808_gt_image.png              36.74    0.9775     28.47    0.9239
809_gt_image.png              39.03    0.9891     34.83    0.9640
80_gt_image.png               42.81    0.9913     34.63    0.9709
810_gt_image.png              39.59    0.9898     35.25    0.9642
811_gt_image.png              34.32    0.9863     30.86    0.9637
812_gt_image.png              40.23    0.9808     29.04    0.9371
813_gt_image.png              38.17    0.9847     30.47    0.9534
814_gt_image.png              44.96    0.9917     36.97    0.9684
815_gt_image.png              40.54    0.9924     38.04    0.9742
816_gt_image.png              47.95    0.9917     36.35    0.9701
817_gt_image.png              44.59    0.9871     32.02    0.9549
818_gt_image.png              38.18    0.9791     29.72    0.9243
819_gt_image.png              47.83    0.9907     35.65    0.9650
81_gt_image.png               42.07    0.9909     32.01    0.9709
820_gt_image.png              46.02    0.9909     36.26    0.9639
821_gt_image.png              39.35    0.9896     31.50    0.9774
822_gt_image.png              32.98    0.9771     26.70    0.9495
823_gt_image.png              36.14    0.9828     28.48    0.9629
824_gt_image.png              48.79    0.9936     38.37    0.9775
825_gt_image.png              48.78    0.9942     38.63    0.9823
826_gt_image.png              46.83    0.9934     38.00    0.9786
827_gt_image.png              42.02    0.9888     30.36    0.9697
828_gt_image.png              41.29    0.9825     28.78    0.9466
829_gt_image.png              44.31    0.9924     37.16    0.9744
82_gt_image.png               31.05    0.9787     27.49    0.9477
830_gt_image.png              46.64    0.9925     36.69    0.9733
831_gt_image.png              35.18    0.9872     31.90    0.9746
832_gt_image.png              31.46    0.9754     26.01    0.9452
833_gt_image.png              38.02    0.9836     29.24    0.9611
834_gt_image.png              48.07    0.9922     38.05    0.9756
835_gt_image.png              46.93    0.9929     38.81    0.9820
836_gt_image.png              44.14    0.9916     37.23    0.9776
837_gt_image.png              42.72    0.9887     31.96    0.9688
838_gt_image.png              41.99    0.9816     29.97    0.9440
839_gt_image.png              44.76    0.9909     36.43    0.9724
83_gt_image.png               41.17    0.9875     30.42    0.9612
840_gt_image.png              44.47    0.9912     36.90    0.9738
841_gt_image.png              31.78    0.9860     30.08    0.9700
842_gt_image.png              33.67    0.9769     25.91    0.9446
843_gt_image.png              37.66    0.9844     29.18    0.9612
844_gt_image.png              40.61    0.9925     36.87    0.9760
845_gt_image.png              46.19    0.9936     38.68    0.9813
846_gt_image.png              41.61    0.9925     35.72    0.9778
847_gt_image.png              40.60    0.9885     31.47    0.9655
848_gt_image.png              41.36    0.9820     29.66    0.9411
849_gt_image.png              42.14    0.9917     34.82    0.9741
84_gt_image.png               44.69    0.9927     36.79    0.9719
850_gt_image.png              40.28    0.9922     36.37    0.9742
851_gt_image.png              40.63    0.9885     29.81    0.9716
852_gt_image.png              37.58    0.9795     26.36    0.9485
853_gt_image.png              39.65    0.9846     29.89    0.9637
854_gt_image.png              47.77    0.9927     36.30    0.9772
855_gt_image.png              48.58    0.9940     38.11    0.9820
856_gt_image.png              46.84    0.9927     35.97    0.9792
857_gt_image.png              42.08    0.9880     29.63    0.9650
858_gt_image.png              37.95    0.9803     27.62    0.9383
859_gt_image.png              44.52    0.9908     34.23    0.9731
85_gt_image.png               47.67    0.9946     39.09    0.9782
860_gt_image.png              46.98    0.9916     34.80    0.9745
861_gt_image.png              34.84    0.9891     32.00    0.9734
862_gt_image.png              38.56    0.9817     26.28    0.9499
863_gt_image.png              40.07    0.9874     30.58    0.9656
864_gt_image.png              42.75    0.9934     36.31    0.9782
865_gt_image.png              45.39    0.9941     37.07    0.9827
866_gt_image.png              46.82    0.9944     37.50    0.9818
867_gt_image.png              38.84    0.9881     29.09    0.9645
868_gt_image.png              38.94    0.9806     27.32    0.9381
869_gt_image.png              48.66    0.9935     36.11    0.9769
86_gt_image.png               45.68    0.9933     37.02    0.9766
870_gt_image.png              42.39    0.9928     35.45    0.9765
871_gt_image.png              42.68    0.9899     32.06    0.9719
872_gt_image.png              38.63    0.9808     26.89    0.9486
873_gt_image.png              39.85    0.9851     29.77    0.9621
874_gt_image.png              46.61    0.9923     35.72    0.9759
875_gt_image.png              46.98    0.9939     38.26    0.9830
876_gt_image.png              44.23    0.9927     36.30    0.9791
877_gt_image.png              43.31    0.9876     29.53    0.9636
878_gt_image.png              40.96    0.9804     27.77    0.9374
879_gt_image.png              45.13    0.9917     34.93    0.9743
87_gt_image.png               44.17    0.9891     32.63    0.9621
880_gt_image.png              44.87    0.9918     34.85    0.9749
881_gt_image.png              31.68    0.9869     33.22    0.9765
882_gt_image.png              36.43    0.9810     26.77    0.9545
883_gt_image.png              32.98    0.9845     30.57    0.9698
884_gt_image.png              47.72    0.9930     35.67    0.9787
885_gt_image.png              47.43    0.9937     36.38    0.9834
886_gt_image.png              47.38    0.9934     34.98    0.9817
887_gt_image.png              40.86    0.9868     27.08    0.9651
888_gt_image.png              39.42    0.9775     25.45    0.9393
889_gt_image.png              44.09    0.9926     34.65    0.9779
88_gt_image.png               42.91    0.9836     30.96    0.9406
890_gt_image.png              44.73    0.9919     33.55    0.9757
891_gt_image.png              42.17    0.9901     31.55    0.9727
892_gt_image.png              36.30    0.9800     26.96    0.9504
893_gt_image.png              42.85    0.9880     30.52    0.9663
894_gt_image.png              48.35    0.9932     36.40    0.9792
895_gt_image.png              48.60    0.9938     37.03    0.9831
896_gt_image.png              44.38    0.9933     36.21    0.9821
897_gt_image.png              42.22    0.9873     28.85    0.9645
898_gt_image.png              40.20    0.9791     27.18    0.9381
899_gt_image.png              45.20    0.9929     36.26    0.9785
89_gt_image.png               46.71    0.9920     35.21    0.9707
8_gt_image.png                39.70    0.9758     26.05    0.9127
900_gt_image.png              46.20    0.9923     34.74    0.9770
901_gt_image.png              34.94    0.9873     30.24    0.9705
902_gt_image.png              31.65    0.9739     25.92    0.9423
903_gt_image.png              39.09    0.9840     30.31    0.9612
904_gt_image.png              47.44    0.9923     37.26    0.9741
905_gt_image.png              49.09    0.9936     38.82    0.9806
906_gt_image.png              48.48    0.9927     37.09    0.9768
907_gt_image.png              44.96    0.9893     32.70    0.9666
908_gt_image.png              42.44    0.9823     30.73    0.9410
909_gt_image.png              47.96    0.9921     36.63    0.9733
90_gt_image.png               44.19    0.9920     35.45    0.9702
910_gt_image.png              48.17    0.9920     36.67    0.9725
911_gt_image.png              36.95    0.9893     32.69    0.9755
912_gt_image.png              33.54    0.9782     26.32    0.9520
913_gt_image.png              35.52    0.9850     29.71    0.9658
914_gt_image.png              47.44    0.9920     35.42    0.9765
915_gt_image.png              48.70    0.9937     37.34    0.9833
916_gt_image.png              47.46    0.9929     35.61    0.9805
917_gt_image.png              40.39    0.9858     27.61    0.9654
918_gt_image.png              37.65    0.9767     26.11    0.9401
919_gt_image.png              47.20    0.9920     34.98    0.9765
91_gt_image.png               38.30    0.9872     31.77    0.9770
920_gt_image.png              45.20    0.9911     33.95    0.9750
921_gt_image.png              36.72    0.9871     31.13    0.9540
922_gt_image.png              36.56    0.9762     25.85    0.9251
923_gt_image.png              39.98    0.9820     28.43    0.9402
924_gt_image.png              46.54    0.9909     35.32    0.9628
925_gt_image.png              45.27    0.9916     33.81    0.9664
926_gt_image.png              44.95    0.9913     35.03    0.9668
927_gt_image.png              33.41    0.9819     29.76    0.9443
928_gt_image.png              32.49    0.9709     26.29    0.9094
929_gt_image.png              42.56    0.9882     31.82    0.9588
92_gt_image.png               33.63    0.9757     26.52    0.9608
930_gt_image.png              43.51    0.9896     33.51    0.9597
931_gt_image.png              42.84    0.9893     32.00    0.9573
932_gt_image.png              37.27    0.9792     26.38    0.9314
933_gt_image.png              39.18    0.9837     27.85    0.9433
934_gt_image.png              44.02    0.9912     34.98    0.9631
935_gt_image.png              42.50    0.9922     35.28    0.9675
936_gt_image.png              45.72    0.9922     35.48    0.9670
937_gt_image.png              36.05    0.9827     28.73    0.9448
938_gt_image.png              33.92    0.9708     25.73    0.9090
939_gt_image.png              42.83    0.9898     32.80    0.9592
93_gt_image.png               38.11    0.9830     28.62    0.9698
940_gt_image.png              42.86    0.9907     34.49    0.9604
941_gt_image.png              42.17    0.9885     31.07    0.9565
942_gt_image.png              38.05    0.9790     26.58    0.9317
943_gt_image.png              38.11    0.9839     28.24    0.9441
944_gt_image.png              36.82    0.9902     34.54    0.9621
945_gt_image.png              39.25    0.9919     35.57    0.9670
946_gt_image.png              44.94    0.9917     35.76    0.9675
947_gt_image.png              36.05    0.9831     27.74    0.9449
948_gt_image.png              34.55    0.9732     25.61    0.9123
949_gt_image.png              43.87    0.9901     33.76    0.9598
94_gt_image.png               44.86    0.9885     34.17    0.9766
950_gt_image.png              36.57    0.9906     35.22    0.9598
951_gt_image.png              44.62    0.9899     33.50    0.9729
952_gt_image.png              34.46    0.9740     25.76    0.9524
953_gt_image.png              40.26    0.9835     29.83    0.9667
954_gt_image.png              46.79    0.9922     36.61    0.9823
955_gt_image.png              46.23    0.9935     35.29    0.9816
956_gt_image.png              45.60    0.9933     36.73    0.9840
957_gt_image.png              38.17    0.9851     30.62    0.9716
958_gt_image.png              34.36    0.9713     27.47    0.9494
959_gt_image.png              44.15    0.9917     35.59    0.9795
95_gt_image.png               45.33    0.9917     33.13    0.9787
960_gt_image.png              45.09    0.9915     34.13    0.9783
961_gt_image.png              42.81    0.9839     32.78    0.9604
962_gt_image.png              38.53    0.9675     27.47    0.9425
963_gt_image.png              40.91    0.9799     29.97    0.9570
964_gt_image.png              45.74    0.9910     34.01    0.9697
965_gt_image.png              43.83    0.9919     32.34    0.9758
966_gt_image.png              46.09    0.9928     35.51    0.9763
967_gt_image.png              39.37    0.9812     26.96    0.9540
968_gt_image.png              36.94    0.9700     24.05    0.9121
969_gt_image.png              42.83    0.9893     32.50    0.9665
96_gt_image.png               44.34    0.9916     34.66    0.9801
970_gt_image.png              43.45    0.9894     32.62    0.9650
971_gt_image.png              28.69    0.9821     31.90    0.9682
972_gt_image.png              27.63    0.9708     26.64    0.9421
973_gt_image.png              32.90    0.9809     29.47    0.9577
974_gt_image.png              46.69    0.9923     37.26    0.9718
975_gt_image.png              43.51    0.9925     38.89    0.9762
976_gt_image.png              44.20    0.9925     37.15    0.9755
977_gt_image.png              40.31    0.9856     30.79    0.9621
978_gt_image.png              36.44    0.9766     28.02    0.9346
979_gt_image.png              42.30    0.9911     35.52    0.9681
97_gt_image.png               42.52    0.9812     34.27    0.9769
980_gt_image.png              47.32    0.9919     37.03    0.9682
981_gt_image.png              33.09    0.9871     33.78    0.9721
982_gt_image.png              28.42    0.9717     28.09    0.9468
983_gt_image.png              37.63    0.9837     30.14    0.9617
984_gt_image.png              45.14    0.9900     35.56    0.9712
985_gt_image.png              47.38    0.9930     38.40    0.9789
986_gt_image.png              44.47    0.9912     34.84    0.9766
987_gt_image.png              43.93    0.9866     31.03    0.9620
988_gt_image.png              39.53    0.9731     26.08    0.9288
989_gt_image.png              44.19    0.9895     33.64    0.9706
98_gt_image.png               39.13    0.9655     30.41    0.9603
990_gt_image.png              44.19    0.9893     33.77    0.9699
991_gt_image.png              45.32    0.9915     34.52    0.9698
992_gt_image.png              25.54    0.9726     29.44    0.9501
993_gt_image.png              37.64    0.9867     30.26    0.9601
994_gt_image.png              45.55    0.9923     36.86    0.9711
995_gt_image.png              49.79    0.9941     38.63    0.9783
996_gt_image.png              47.89    0.9929     37.07    0.9754
997_gt_image.png              39.33    0.9882     30.05    0.9610
998_gt_image.png              39.17    0.9783     27.67    0.9332
999_gt_image.png              47.28    0.9912     34.69    0.9687
99_gt_image.png               41.64    0.9860     32.25    0.9721
9_gt_image.png                41.42    0.9880     32.35    0.9601

Summary (mean ± std)
PSNR(img): 41.25 ± 4.88
SSIM(img): 0.9864 ± 0.0069
PSNR(hu):  32.44 ± 3.69
SSIM(hu):  0.9648 ± 0.0150
